t_sec,pid,parent,name,ws_mb,pb_mb
0.9,26348,36732,audio-desktop.exe,50.4,14.3
0.9,33052,26348,msedgewebview2.exe,149.6,50.3
0.9,15880,26348,audio_server.exe,222.3,287
0.9,34040,33052,msedgewebview2.exe,14,2.9
0.9,18344,34040,msedgewebview2.exe,13.3,2.7
0.9,13020,33052,msedgewebview2.exe,104.9,120.8
0.9,34932,33052,msedgewebview2.exe,42,12.9
0.9,25792,33052,msedgewebview2.exe,22.4,8.8
0.9,4360,33052,msedgewebview2.exe,222.5,145.1
6.2,26348,36732,audio-desktop.exe,50.4,14.3
6.2,33052,26348,msedgewebview2.exe,149.6,50.3
6.2,15880,26348,audio_server.exe,222.3,287
6.2,34040,33052,msedgewebview2.exe,14,2.9
6.2,18344,34040,msedgewebview2.exe,13.3,2.7
6.2,13020,33052,msedgewebview2.exe,104.9,120.8
6.2,34932,33052,msedgewebview2.exe,42,12.9
6.2,25792,33052,msedgewebview2.exe,22.4,8.8
6.2,4360,33052,msedgewebview2.exe,222.5,145.1
11.5,26348,36732,audio-desktop.exe,50.5,14.4
11.5,33052,26348,msedgewebview2.exe,150.1,50.3
11.5,15880,26348,audio_server.exe,222.4,287.1
11.5,34040,33052,msedgewebview2.exe,14.2,3
11.5,18344,34040,msedgewebview2.exe,13.5,2.8
11.5,13020,33052,msedgewebview2.exe,105.1,120.9
11.5,34932,33052,msedgewebview2.exe,42.1,13
11.5,25792,33052,msedgewebview2.exe,22.6,9
11.5,4360,33052,msedgewebview2.exe,222.8,145.2
16.7,26348,36732,audio-desktop.exe,50.5,14.4
16.7,33052,26348,msedgewebview2.exe,150.4,50.6
16.7,15880,26348,audio_server.exe,222.4,287.1
16.7,34040,33052,msedgewebview2.exe,14.2,3
16.7,18344,34040,msedgewebview2.exe,13.5,2.8
16.7,13020,33052,msedgewebview2.exe,105.1,120.9
16.7,34932,33052,msedgewebview2.exe,42.1,13
16.7,25792,33052,msedgewebview2.exe,22.6,9
16.7,4360,33052,msedgewebview2.exe,222.9,145.3
21.9,26348,36732,audio-desktop.exe,50.5,14.4
21.9,33052,26348,msedgewebview2.exe,150.4,50.5
21.9,15880,26348,audio_server.exe,222.4,287.1
21.9,34040,33052,msedgewebview2.exe,14.2,3
21.9,18344,34040,msedgewebview2.exe,13.5,2.8
21.9,13020,33052,msedgewebview2.exe,105.1,120.9
21.9,34932,33052,msedgewebview2.exe,42.1,13
21.9,25792,33052,msedgewebview2.exe,22.6,9
21.9,4360,33052,msedgewebview2.exe,222.9,145.3
27.2,26348,36732,audio-desktop.exe,50.5,14.4
27.2,33052,26348,msedgewebview2.exe,150.4,50.5
27.2,15880,26348,audio_server.exe,222.4,287.1
27.2,34040,33052,msedgewebview2.exe,14.2,3
27.2,18344,34040,msedgewebview2.exe,13.5,2.8
27.2,13020,33052,msedgewebview2.exe,105.1,120.9
27.2,34932,33052,msedgewebview2.exe,42.1,13
27.2,25792,33052,msedgewebview2.exe,22.6,9
27.2,4360,33052,msedgewebview2.exe,222.9,145.3
32.4,26348,36732,audio-desktop.exe,50.5,14.4
32.4,33052,26348,msedgewebview2.exe,150.4,50.5
32.4,15880,26348,audio_server.exe,222.4,287.1
32.4,34040,33052,msedgewebview2.exe,14.2,3
32.4,18344,34040,msedgewebview2.exe,13.5,2.8
32.4,13020,33052,msedgewebview2.exe,105.1,120.9
32.4,34932,33052,msedgewebview2.exe,42.1,13
32.4,25792,33052,msedgewebview2.exe,22.6,9
32.4,4360,33052,msedgewebview2.exe,222.8,145.3
37.6,26348,36732,audio-desktop.exe,50.5,14.4
37.6,33052,26348,msedgewebview2.exe,150.1,50.3
37.6,15880,26348,audio_server.exe,222.4,287.1
37.6,34040,33052,msedgewebview2.exe,14.2,3
37.6,18344,34040,msedgewebview2.exe,13.5,2.8
37.6,13020,33052,msedgewebview2.exe,105.1,120.9
37.6,34932,33052,msedgewebview2.exe,42.1,13
37.6,25792,33052,msedgewebview2.exe,22.6,9
37.6,4360,33052,msedgewebview2.exe,222.8,145.3
42.9,26348,36732,audio-desktop.exe,50.5,14.4
42.9,33052,26348,msedgewebview2.exe,150.1,50.3
42.9,15880,26348,audio_server.exe,222.4,287.1
42.9,34040,33052,msedgewebview2.exe,14.2,3
42.9,18344,34040,msedgewebview2.exe,13.5,2.8
42.9,13020,33052,msedgewebview2.exe,105.1,120.9
42.9,34932,33052,msedgewebview2.exe,42.1,13
42.9,25792,33052,msedgewebview2.exe,22.6,9
42.9,4360,33052,msedgewebview2.exe,222.7,145.3
48.1,26348,36732,audio-desktop.exe,50.5,14.4
48.1,33052,26348,msedgewebview2.exe,150.1,50.3
48.1,15880,26348,audio_server.exe,222.4,287.1
48.1,34040,33052,msedgewebview2.exe,14.2,3
48.1,18344,34040,msedgewebview2.exe,13.5,2.8
48.1,13020,33052,msedgewebview2.exe,105.1,120.9
48.1,34932,33052,msedgewebview2.exe,42.1,13
48.1,25792,33052,msedgewebview2.exe,22.6,9
48.1,4360,33052,msedgewebview2.exe,222.7,145.3
53.3,26348,36732,audio-desktop.exe,50.5,14.4
53.3,33052,26348,msedgewebview2.exe,150.1,50.3
53.3,15880,26348,audio_server.exe,222.4,287.1
53.3,34040,33052,msedgewebview2.exe,14.2,3
53.3,18344,34040,msedgewebview2.exe,13.5,2.8
53.3,13020,33052,msedgewebview2.exe,105.1,120.9
53.3,34932,33052,msedgewebview2.exe,42.1,13
53.3,25792,33052,msedgewebview2.exe,22.6,9
53.3,4360,33052,msedgewebview2.exe,222.7,145.3
58.6,26348,36732,audio-desktop.exe,50.5,14.4
58.6,33052,26348,msedgewebview2.exe,150.1,50.3
58.6,15880,26348,audio_server.exe,222.4,287.1
58.6,34040,33052,msedgewebview2.exe,14.2,3
58.6,18344,34040,msedgewebview2.exe,13.5,2.8
58.6,13020,33052,msedgewebview2.exe,105.1,120.9
58.6,34932,33052,msedgewebview2.exe,42.1,13
58.6,25792,33052,msedgewebview2.exe,22.6,9
58.6,4360,33052,msedgewebview2.exe,222.7,145.3
63.8,26348,36732,audio-desktop.exe,50.5,14.4
63.8,33052,26348,msedgewebview2.exe,150.1,50.3
63.8,15880,26348,audio_server.exe,222.4,287.1
63.8,34040,33052,msedgewebview2.exe,14.2,3
63.8,18344,34040,msedgewebview2.exe,13.5,2.8
63.8,13020,33052,msedgewebview2.exe,105.1,120.9
63.8,34932,33052,msedgewebview2.exe,42.1,13
63.8,25792,33052,msedgewebview2.exe,22.6,9
63.8,4360,33052,msedgewebview2.exe,222.7,145.3
69,26348,36732,audio-desktop.exe,50.5,14.4
69,33052,26348,msedgewebview2.exe,150.2,50.4
69,15880,26348,audio_server.exe,222.4,287.1
69,34040,33052,msedgewebview2.exe,14.2,3
69,18344,34040,msedgewebview2.exe,13.5,2.8
69,13020,33052,msedgewebview2.exe,105.1,120.8
69,34932,33052,msedgewebview2.exe,42.1,13
69,25792,33052,msedgewebview2.exe,22.6,8.9
69,4360,33052,msedgewebview2.exe,222.7,145.3
74.3,26348,36732,audio-desktop.exe,50.6,14.4
74.3,33052,26348,msedgewebview2.exe,150.2,50.4
74.3,15880,26348,audio_server.exe,222.4,287.1
74.3,34040,33052,msedgewebview2.exe,14.2,3
74.3,18344,34040,msedgewebview2.exe,13.5,2.8
74.3,13020,33052,msedgewebview2.exe,105.2,120.9
74.3,34932,33052,msedgewebview2.exe,42.2,13.1
74.3,25792,33052,msedgewebview2.exe,22.6,8.9
74.3,4360,33052,msedgewebview2.exe,222.7,145.3
79.6,26348,36732,audio-desktop.exe,50.6,14.4
79.6,33052,26348,msedgewebview2.exe,150.2,50.4
79.6,15880,26348,audio_server.exe,222.4,287.1
79.6,34040,33052,msedgewebview2.exe,14.2,3
79.6,18344,34040,msedgewebview2.exe,13.5,2.8
79.6,13020,33052,msedgewebview2.exe,104.9,120.9
79.6,34932,33052,msedgewebview2.exe,42.2,13
79.6,25792,33052,msedgewebview2.exe,22.6,8.9
79.6,4360,33052,msedgewebview2.exe,222.7,145.3
84.8,26348,36732,audio-desktop.exe,50.6,14.4
84.8,33052,26348,msedgewebview2.exe,150.2,50.4
84.8,15880,26348,audio_server.exe,222.4,287.1
84.8,34040,33052,msedgewebview2.exe,14.2,3
84.8,18344,34040,msedgewebview2.exe,13.5,2.8
84.8,13020,33052,msedgewebview2.exe,104.4,120.9
84.8,34932,33052,msedgewebview2.exe,42.2,13
84.8,25792,33052,msedgewebview2.exe,22.6,8.9
84.8,4360,33052,msedgewebview2.exe,222.7,145.3
90.1,26348,36732,audio-desktop.exe,50.6,14.4
90.1,33052,26348,msedgewebview2.exe,150.2,50.4
90.1,15880,26348,audio_server.exe,222.4,287.1
90.1,34040,33052,msedgewebview2.exe,14.2,3
90.1,18344,34040,msedgewebview2.exe,13.5,2.8
90.1,13020,33052,msedgewebview2.exe,104.4,120.9
90.1,34932,33052,msedgewebview2.exe,42.2,13
90.1,25792,33052,msedgewebview2.exe,22.6,8.9
90.1,4360,33052,msedgewebview2.exe,222.7,145.3
95.3,26348,36732,audio-desktop.exe,50.6,14.4
95.3,33052,26348,msedgewebview2.exe,150.2,50.4
95.3,15880,26348,audio_server.exe,222.4,287.1
95.3,34040,33052,msedgewebview2.exe,14.2,3
95.3,18344,34040,msedgewebview2.exe,13.5,2.8
95.3,13020,33052,msedgewebview2.exe,104.4,120.9
95.3,34932,33052,msedgewebview2.exe,42.2,13
95.3,25792,33052,msedgewebview2.exe,22.6,8.9
95.3,4360,33052,msedgewebview2.exe,222.4,145.3
100.5,26348,36732,audio-desktop.exe,50.6,14.4
100.5,33052,26348,msedgewebview2.exe,150.2,50.4
100.5,15880,26348,audio_server.exe,222.4,287.1
100.5,34040,33052,msedgewebview2.exe,14.2,3
100.5,18344,34040,msedgewebview2.exe,13.5,2.8
100.5,13020,33052,msedgewebview2.exe,104.4,120.9
100.5,34932,33052,msedgewebview2.exe,42.2,13
100.5,25792,33052,msedgewebview2.exe,22.6,8.9
100.5,4360,33052,msedgewebview2.exe,222.2,145.3
105.8,26348,36732,audio-desktop.exe,50.6,14.4
105.8,33052,26348,msedgewebview2.exe,150.2,50.4
105.8,15880,26348,audio_server.exe,222.4,287.1
105.8,34040,33052,msedgewebview2.exe,14.2,3
105.8,18344,34040,msedgewebview2.exe,13.5,2.8
105.8,13020,33052,msedgewebview2.exe,104.4,120.9
105.8,34932,33052,msedgewebview2.exe,42.2,13
105.8,25792,33052,msedgewebview2.exe,22.6,8.9
105.8,4360,33052,msedgewebview2.exe,222.2,145.3
111,26348,36732,audio-desktop.exe,50.6,14.4
111,33052,26348,msedgewebview2.exe,150.3,50.5
111,15880,26348,audio_server.exe,222.4,287.1
111,34040,33052,msedgewebview2.exe,14.2,3
111,18344,34040,msedgewebview2.exe,13.5,2.8
111,13020,33052,msedgewebview2.exe,104.4,120.8
111,34932,33052,msedgewebview2.exe,42.2,13
111,25792,33052,msedgewebview2.exe,22.6,8.8
111,4360,33052,msedgewebview2.exe,222.2,145.3
116.3,26348,36732,audio-desktop.exe,50.6,14.4
116.3,33052,26348,msedgewebview2.exe,150.3,50.5
116.3,15880,26348,audio_server.exe,222.4,287
116.3,34040,33052,msedgewebview2.exe,14.2,3
116.3,18344,34040,msedgewebview2.exe,13.5,2.7
116.3,13020,33052,msedgewebview2.exe,104.4,120.8
116.3,34932,33052,msedgewebview2.exe,42.2,12.9
116.3,25792,33052,msedgewebview2.exe,22.6,8.9
116.3,4360,33052,msedgewebview2.exe,221.4,145.2
121.5,26348,36732,audio-desktop.exe,50.6,14.4
121.5,33052,26348,msedgewebview2.exe,150.3,50.5
121.5,15880,26348,audio_server.exe,222.4,287
121.5,34040,33052,msedgewebview2.exe,14.2,3
121.5,18344,34040,msedgewebview2.exe,13.5,2.7
121.5,13020,33052,msedgewebview2.exe,104.4,120.8
121.5,34932,33052,msedgewebview2.exe,42.2,12.9
121.5,25792,33052,msedgewebview2.exe,22.6,8.9
121.5,4360,33052,msedgewebview2.exe,221.4,145.2
126.7,26348,36732,audio-desktop.exe,50.6,14.4
126.7,33052,26348,msedgewebview2.exe,150.3,50.5
126.7,15880,26348,audio_server.exe,222.4,287
126.7,34040,33052,msedgewebview2.exe,14.2,3
126.7,18344,34040,msedgewebview2.exe,13.5,2.7
126.7,13020,33052,msedgewebview2.exe,104.4,120.8
126.7,34932,33052,msedgewebview2.exe,42.2,12.9
126.7,25792,33052,msedgewebview2.exe,22.6,8.9
126.7,4360,33052,msedgewebview2.exe,221.4,145.2
132,26348,36732,audio-desktop.exe,50.6,14.4
132,33052,26348,msedgewebview2.exe,150.3,50.5
132,15880,26348,audio_server.exe,222.4,287
132,34040,33052,msedgewebview2.exe,14.2,3
132,18344,34040,msedgewebview2.exe,13.5,2.7
132,13020,33052,msedgewebview2.exe,104.4,120.8
132,34932,33052,msedgewebview2.exe,42.2,12.9
132,25792,33052,msedgewebview2.exe,22.6,8.9
132,4360,33052,msedgewebview2.exe,221.4,145.2
137.2,26348,36732,audio-desktop.exe,50.6,14.4
137.2,33052,26348,msedgewebview2.exe,150.3,50.5
137.2,15880,26348,audio_server.exe,222.4,287
137.2,34040,33052,msedgewebview2.exe,14.2,3
137.2,18344,34040,msedgewebview2.exe,13.5,2.7
137.2,13020,33052,msedgewebview2.exe,104.3,120.8
137.2,34932,33052,msedgewebview2.exe,42.1,12.9
137.2,25792,33052,msedgewebview2.exe,22.6,8.9
137.2,4360,33052,msedgewebview2.exe,221.4,145.2
142.5,26348,36732,audio-desktop.exe,50.6,14.4
142.5,33052,26348,msedgewebview2.exe,150.3,50.5
142.5,15880,26348,audio_server.exe,222.4,287
142.5,34040,33052,msedgewebview2.exe,14.2,3
142.5,18344,34040,msedgewebview2.exe,13.5,2.7
142.5,13020,33052,msedgewebview2.exe,103.7,120.8
142.5,34932,33052,msedgewebview2.exe,42.1,12.9
142.5,25792,33052,msedgewebview2.exe,22.6,8.9
142.5,4360,33052,msedgewebview2.exe,221,145.2
147.7,26348,36732,audio-desktop.exe,50.6,14.4
147.7,33052,26348,msedgewebview2.exe,150.3,50.5
147.7,15880,26348,audio_server.exe,222.4,287
147.7,34040,33052,msedgewebview2.exe,14.2,3
147.7,18344,34040,msedgewebview2.exe,13.5,2.7
147.7,13020,33052,msedgewebview2.exe,103.7,120.8
147.7,34932,33052,msedgewebview2.exe,42.1,12.9
147.7,25792,33052,msedgewebview2.exe,22.6,8.9
147.7,4360,33052,msedgewebview2.exe,221,145.2
153,26348,36732,audio-desktop.exe,50.6,14.4
153,33052,26348,msedgewebview2.exe,150.3,50.5
153,15880,26348,audio_server.exe,222.4,287
153,34040,33052,msedgewebview2.exe,14.2,3
153,18344,34040,msedgewebview2.exe,13.5,2.7
153,13020,33052,msedgewebview2.exe,103.7,120.8
153,34932,33052,msedgewebview2.exe,42.1,12.9
153,25792,33052,msedgewebview2.exe,22.6,8.9
153,4360,33052,msedgewebview2.exe,221,145.2
158.2,26348,36732,audio-desktop.exe,50.6,14.4
158.2,33052,26348,msedgewebview2.exe,150.3,50.5
158.2,15880,26348,audio_server.exe,222.4,287.1
158.2,34040,33052,msedgewebview2.exe,14.2,3
158.2,18344,34040,msedgewebview2.exe,13.5,2.7
158.2,13020,33052,msedgewebview2.exe,103.7,120.8
158.2,34932,33052,msedgewebview2.exe,42.1,12.9
158.2,25792,33052,msedgewebview2.exe,22.6,8.9
158.2,4360,33052,msedgewebview2.exe,221,145.2
163.5,26348,36732,audio-desktop.exe,50.6,14.4
163.5,33052,26348,msedgewebview2.exe,150.3,50.5
163.5,15880,26348,audio_server.exe,222.4,287
163.5,34040,33052,msedgewebview2.exe,14.2,3
163.5,18344,34040,msedgewebview2.exe,13.5,2.8
163.5,13020,33052,msedgewebview2.exe,103.7,120.8
163.5,34932,33052,msedgewebview2.exe,42.1,12.9
163.5,25792,33052,msedgewebview2.exe,22.6,8.8
163.5,4360,33052,msedgewebview2.exe,221,145.2
168.7,26348,36732,audio-desktop.exe,50.6,14.4
168.7,33052,26348,msedgewebview2.exe,150.3,50.5
168.7,15880,26348,audio_server.exe,222.4,287
168.7,34040,33052,msedgewebview2.exe,14.2,3
168.7,18344,34040,msedgewebview2.exe,13.5,2.8
168.7,13020,33052,msedgewebview2.exe,103.7,120.8
168.7,34932,33052,msedgewebview2.exe,42.1,12.9
168.7,25792,33052,msedgewebview2.exe,22.6,8.8
168.7,4360,33052,msedgewebview2.exe,221,145.2
173.9,26348,36732,audio-desktop.exe,50.6,14.4
173.9,33052,26348,msedgewebview2.exe,150.3,50.5
173.9,15880,26348,audio_server.exe,222.4,287
173.9,34040,33052,msedgewebview2.exe,14.2,3
173.9,18344,34040,msedgewebview2.exe,13.5,2.8
173.9,13020,33052,msedgewebview2.exe,103.7,120.8
173.9,34932,33052,msedgewebview2.exe,42.1,12.9
173.9,25792,33052,msedgewebview2.exe,22.6,8.8
173.9,4360,33052,msedgewebview2.exe,221,145.2
179.2,26348,36732,audio-desktop.exe,50.6,14.4
179.2,33052,26348,msedgewebview2.exe,150.3,50.5
179.2,15880,26348,audio_server.exe,222.4,287
179.2,34040,33052,msedgewebview2.exe,14.2,3
179.2,18344,34040,msedgewebview2.exe,13.5,2.8
179.2,13020,33052,msedgewebview2.exe,103.7,120.8
179.2,34932,33052,msedgewebview2.exe,42.1,12.9
179.2,25792,33052,msedgewebview2.exe,22.6,8.8
179.2,4360,33052,msedgewebview2.exe,221,145.2
184.4,26348,36732,audio-desktop.exe,50.6,14.4
184.4,33052,26348,msedgewebview2.exe,150.3,50.5
184.4,15880,26348,audio_server.exe,222.4,287
184.4,34040,33052,msedgewebview2.exe,14.2,3
184.4,18344,34040,msedgewebview2.exe,13.5,2.8
184.4,13020,33052,msedgewebview2.exe,103.7,120.8
184.4,34932,33052,msedgewebview2.exe,42.1,12.9
184.4,25792,33052,msedgewebview2.exe,22.6,8.8
184.4,4360,33052,msedgewebview2.exe,221,145.2
189.7,26348,36732,audio-desktop.exe,50.6,14.4
189.7,33052,26348,msedgewebview2.exe,150.3,50.5
189.7,15880,26348,audio_server.exe,222.4,287
189.7,34040,33052,msedgewebview2.exe,14.2,3
189.7,18344,34040,msedgewebview2.exe,13.5,2.8
189.7,13020,33052,msedgewebview2.exe,103.7,120.8
189.7,34932,33052,msedgewebview2.exe,42.1,12.9
189.7,25792,33052,msedgewebview2.exe,22.6,8.8
189.7,4360,33052,msedgewebview2.exe,221,145.2
194.9,26348,36732,audio-desktop.exe,50.6,14.4
194.9,33052,26348,msedgewebview2.exe,150.2,50.4
194.9,15880,26348,audio_server.exe,222.4,287
194.9,34040,33052,msedgewebview2.exe,14.2,3
194.9,18344,34040,msedgewebview2.exe,13.5,2.8
194.9,13020,33052,msedgewebview2.exe,103.7,120.8
194.9,34932,33052,msedgewebview2.exe,42.1,12.9
194.9,25792,33052,msedgewebview2.exe,22.6,8.8
194.9,4360,33052,msedgewebview2.exe,202.3,145.2
200.2,26348,36732,audio-desktop.exe,50.6,14.4
200.2,33052,26348,msedgewebview2.exe,150.2,50.4
200.2,15880,26348,audio_server.exe,222.4,287
200.2,34040,33052,msedgewebview2.exe,14.2,3
200.2,18344,34040,msedgewebview2.exe,13.5,2.8
200.2,13020,33052,msedgewebview2.exe,103.7,120.8
200.2,34932,33052,msedgewebview2.exe,42.1,12.9
200.2,25792,33052,msedgewebview2.exe,22.6,8.8
200.2,4360,33052,msedgewebview2.exe,202.3,145.2
205.4,26348,36732,audio-desktop.exe,50.6,14.4
205.4,33052,26348,msedgewebview2.exe,150.2,50.4
205.4,15880,26348,audio_server.exe,222.4,287
205.4,34040,33052,msedgewebview2.exe,14.2,3
205.4,18344,34040,msedgewebview2.exe,13.5,2.8
205.4,13020,33052,msedgewebview2.exe,103.7,120.8
205.4,34932,33052,msedgewebview2.exe,42.1,12.9
205.4,25792,33052,msedgewebview2.exe,22.6,8.8
205.4,4360,33052,msedgewebview2.exe,202.3,145.2
210.7,26348,36732,audio-desktop.exe,50.6,14.4
210.7,33052,26348,msedgewebview2.exe,150.2,50.4
210.7,15880,26348,audio_server.exe,222.4,287
210.7,34040,33052,msedgewebview2.exe,14.2,3
210.7,18344,34040,msedgewebview2.exe,13.5,2.8
210.7,13020,33052,msedgewebview2.exe,103.7,120.8
210.7,34932,33052,msedgewebview2.exe,42.1,12.9
210.7,25792,33052,msedgewebview2.exe,22.6,8.8
210.7,4360,33052,msedgewebview2.exe,202.3,145.2
215.9,26348,36732,audio-desktop.exe,50.6,14.4
215.9,33052,26348,msedgewebview2.exe,150.2,50.4
215.9,15880,26348,audio_server.exe,222.4,287
215.9,34040,33052,msedgewebview2.exe,14.2,3
215.9,18344,34040,msedgewebview2.exe,13.5,2.8
215.9,13020,33052,msedgewebview2.exe,103.7,120.8
215.9,34932,33052,msedgewebview2.exe,42.1,12.9
215.9,25792,33052,msedgewebview2.exe,22.6,8.8
215.9,4360,33052,msedgewebview2.exe,202.3,145.2
221.2,26348,36732,audio-desktop.exe,50.6,14.4
221.2,33052,26348,msedgewebview2.exe,150.2,50.4
221.2,15880,26348,audio_server.exe,222.4,287
221.2,34040,33052,msedgewebview2.exe,14.2,3
221.2,18344,34040,msedgewebview2.exe,13.5,2.8
221.2,13020,33052,msedgewebview2.exe,103.7,120.8
221.2,34932,33052,msedgewebview2.exe,42.1,12.9
221.2,25792,33052,msedgewebview2.exe,22.6,8.8
221.2,4360,33052,msedgewebview2.exe,202.3,145.2
226.4,26348,36732,audio-desktop.exe,50.6,14.4
226.4,33052,26348,msedgewebview2.exe,150.2,50.4
226.4,15880,26348,audio_server.exe,222.4,287
226.4,34040,33052,msedgewebview2.exe,14.2,3
226.4,18344,34040,msedgewebview2.exe,13.5,2.8
226.4,13020,33052,msedgewebview2.exe,103.7,120.8
226.4,34932,33052,msedgewebview2.exe,42.1,12.9
226.4,25792,33052,msedgewebview2.exe,22.6,8.8
226.4,4360,33052,msedgewebview2.exe,202.3,145.2
231.6,26348,36732,audio-desktop.exe,50.6,14.4
231.6,33052,26348,msedgewebview2.exe,150.2,50.4
231.6,15880,26348,audio_server.exe,222.4,287
231.6,34040,33052,msedgewebview2.exe,14.2,3
231.6,18344,34040,msedgewebview2.exe,13.5,2.8
231.6,13020,33052,msedgewebview2.exe,103.7,120.8
231.6,34932,33052,msedgewebview2.exe,42.1,12.9
231.6,25792,33052,msedgewebview2.exe,22.6,8.8
231.6,4360,33052,msedgewebview2.exe,202.3,145.2
236.9,26348,36732,audio-desktop.exe,50.6,14.4
236.9,33052,26348,msedgewebview2.exe,150.2,50.4
236.9,15880,26348,audio_server.exe,222.4,287
236.9,34040,33052,msedgewebview2.exe,14.2,3
236.9,18344,34040,msedgewebview2.exe,13.5,2.8
236.9,13020,33052,msedgewebview2.exe,103.7,120.8
236.9,34932,33052,msedgewebview2.exe,42.1,12.9
236.9,25792,33052,msedgewebview2.exe,22.6,8.8
236.9,4360,33052,msedgewebview2.exe,202.3,145.2
242.1,26348,36732,audio-desktop.exe,50.6,14.4
242.1,33052,26348,msedgewebview2.exe,150.2,50.4
242.1,15880,26348,audio_server.exe,222.4,287
242.1,34040,33052,msedgewebview2.exe,14.2,3
242.1,18344,34040,msedgewebview2.exe,13.5,2.8
242.1,13020,33052,msedgewebview2.exe,103.7,120.8
242.1,34932,33052,msedgewebview2.exe,42.1,12.9
242.1,25792,33052,msedgewebview2.exe,22.6,8.8
242.1,4360,33052,msedgewebview2.exe,202.3,145.2
247.4,26348,36732,audio-desktop.exe,50.5,14.3
247.4,33052,26348,msedgewebview2.exe,150.1,50.2
247.4,15880,26348,audio_server.exe,222.4,287
247.4,34040,33052,msedgewebview2.exe,14.2,3
247.4,18344,34040,msedgewebview2.exe,13.5,2.8
247.4,13020,33052,msedgewebview2.exe,103.7,120.8
247.4,34932,33052,msedgewebview2.exe,42.1,12.9
247.4,25792,33052,msedgewebview2.exe,22.6,8.8
247.4,4360,33052,msedgewebview2.exe,202.3,145.2
252.6,26348,36732,audio-desktop.exe,50.5,14.3
252.6,33052,26348,msedgewebview2.exe,150.2,50.3
252.6,15880,26348,audio_server.exe,222.4,287
252.6,34040,33052,msedgewebview2.exe,14.2,3
252.6,18344,34040,msedgewebview2.exe,13.5,2.8
252.6,13020,33052,msedgewebview2.exe,103.7,120.8
252.6,34932,33052,msedgewebview2.exe,42.1,12.9
252.6,25792,33052,msedgewebview2.exe,22.6,8.8
252.6,4360,33052,msedgewebview2.exe,202.3,145.2
257.8,26348,36732,audio-desktop.exe,50.5,14.3
257.8,33052,26348,msedgewebview2.exe,150.2,50.3
257.8,15880,26348,audio_server.exe,222.4,287
257.8,34040,33052,msedgewebview2.exe,14.2,3
257.8,18344,34040,msedgewebview2.exe,13.5,2.8
257.8,13020,33052,msedgewebview2.exe,103.7,120.8
257.8,34932,33052,msedgewebview2.exe,42.1,12.9
257.8,25792,33052,msedgewebview2.exe,22.6,8.8
257.8,4360,33052,msedgewebview2.exe,202.3,145.2
263.1,26348,36732,audio-desktop.exe,50.5,14.3
263.1,33052,26348,msedgewebview2.exe,150.2,50.3
263.1,15880,26348,audio_server.exe,222.4,287
263.1,34040,33052,msedgewebview2.exe,14.2,3
263.1,18344,34040,msedgewebview2.exe,13.5,2.8
263.1,13020,33052,msedgewebview2.exe,103.7,120.8
263.1,34932,33052,msedgewebview2.exe,42.1,12.9
263.1,25792,33052,msedgewebview2.exe,22.6,8.8
263.1,4360,33052,msedgewebview2.exe,202.3,145.2
268.3,26348,36732,audio-desktop.exe,50.5,14.3
268.3,33052,26348,msedgewebview2.exe,150.2,50.3
268.3,15880,26348,audio_server.exe,222.4,287
268.3,34040,33052,msedgewebview2.exe,14.2,3
268.3,18344,34040,msedgewebview2.exe,13.5,2.8
268.3,13020,33052,msedgewebview2.exe,103.7,120.8
268.3,34932,33052,msedgewebview2.exe,42.1,12.9
268.3,25792,33052,msedgewebview2.exe,22.6,8.8
268.3,4360,33052,msedgewebview2.exe,202.3,145.2
273.5,26348,36732,audio-desktop.exe,50.5,14.3
273.5,33052,26348,msedgewebview2.exe,150.2,50.3
273.5,15880,26348,audio_server.exe,222.4,287
273.5,34040,33052,msedgewebview2.exe,14.2,3
273.5,18344,34040,msedgewebview2.exe,13.5,2.8
273.5,13020,33052,msedgewebview2.exe,103.7,120.8
273.5,34932,33052,msedgewebview2.exe,42.1,12.9
273.5,25792,33052,msedgewebview2.exe,22.6,8.8
273.5,4360,33052,msedgewebview2.exe,202.3,145.2
278.8,26348,36732,audio-desktop.exe,50.5,14.3
278.8,33052,26348,msedgewebview2.exe,150.2,50.3
278.8,15880,26348,audio_server.exe,222.4,287
278.8,34040,33052,msedgewebview2.exe,14.2,2.9
278.8,18344,34040,msedgewebview2.exe,13.4,2.7
278.8,13020,33052,msedgewebview2.exe,103.7,120.8
278.8,34932,33052,msedgewebview2.exe,42.1,12.9
278.8,25792,33052,msedgewebview2.exe,22.6,8.8
278.8,4360,33052,msedgewebview2.exe,202.3,145.2
284,26348,36732,audio-desktop.exe,50.5,14.3
284,33052,26348,msedgewebview2.exe,150.2,50.3
284,15880,26348,audio_server.exe,222.4,287
284,34040,33052,msedgewebview2.exe,14.2,3
284,18344,34040,msedgewebview2.exe,13.5,2.7
284,13020,33052,msedgewebview2.exe,103.7,120.8
284,34932,33052,msedgewebview2.exe,42.1,12.9
284,25792,33052,msedgewebview2.exe,22.6,8.8
284,4360,33052,msedgewebview2.exe,202.3,145.2
289.2,26348,36732,audio-desktop.exe,50.5,14.3
289.2,33052,26348,msedgewebview2.exe,150.2,50.3
289.2,15880,26348,audio_server.exe,222.4,287
289.2,34040,33052,msedgewebview2.exe,14.2,3
289.2,18344,34040,msedgewebview2.exe,13.5,2.7
289.2,13020,33052,msedgewebview2.exe,103.7,120.8
289.2,34932,33052,msedgewebview2.exe,42.1,12.9
289.2,25792,33052,msedgewebview2.exe,22.6,8.8
289.2,4360,33052,msedgewebview2.exe,202.3,145.2
294.5,26348,36732,audio-desktop.exe,50.5,14.3
294.5,33052,26348,msedgewebview2.exe,150.2,50.3
294.5,15880,26348,audio_server.exe,222.4,287
294.5,34040,33052,msedgewebview2.exe,14.2,3
294.5,18344,34040,msedgewebview2.exe,13.5,2.7
294.5,13020,33052,msedgewebview2.exe,103.7,120.8
294.5,34932,33052,msedgewebview2.exe,42.1,12.9
294.5,25792,33052,msedgewebview2.exe,22.6,8.8
294.5,4360,33052,msedgewebview2.exe,202.3,145.2
299.7,26348,36732,audio-desktop.exe,50.5,14.3
299.7,33052,26348,msedgewebview2.exe,150.2,50.3
299.7,15880,26348,audio_server.exe,222.4,287
299.7,34040,33052,msedgewebview2.exe,14.2,3
299.7,18344,34040,msedgewebview2.exe,13.5,2.7
299.7,13020,33052,msedgewebview2.exe,103.7,120.8
299.7,34932,33052,msedgewebview2.exe,42.1,12.9
299.7,25792,33052,msedgewebview2.exe,22.6,8.8
299.7,4360,33052,msedgewebview2.exe,202.3,145.2
305,26348,36732,audio-desktop.exe,50.5,14.3
305,33052,26348,msedgewebview2.exe,150.2,50.3
305,15880,26348,audio_server.exe,222.4,287
305,34040,33052,msedgewebview2.exe,14.2,3
305,18344,34040,msedgewebview2.exe,13.5,2.7
305,13020,33052,msedgewebview2.exe,103.7,120.8
305,34932,33052,msedgewebview2.exe,42.1,12.9
305,25792,33052,msedgewebview2.exe,22.6,8.8
305,4360,33052,msedgewebview2.exe,202.3,145.2
310.2,26348,36732,audio-desktop.exe,50.5,14.3
310.2,33052,26348,msedgewebview2.exe,150.2,50.3
310.2,15880,26348,audio_server.exe,222.4,287.1
310.2,34040,33052,msedgewebview2.exe,14.2,3
310.2,18344,34040,msedgewebview2.exe,13.5,2.8
310.2,13020,33052,msedgewebview2.exe,103.7,120.9
310.2,34932,33052,msedgewebview2.exe,42.1,12.9
310.2,25792,33052,msedgewebview2.exe,22.6,8.9
310.2,4360,33052,msedgewebview2.exe,202.3,145.3
315.5,26348,36732,audio-desktop.exe,50.5,14.3
315.5,33052,26348,msedgewebview2.exe,150.5,50.5
315.5,15880,26348,audio_server.exe,222.4,287.1
315.5,34040,33052,msedgewebview2.exe,14.2,3
315.5,18344,34040,msedgewebview2.exe,13.5,2.8
315.5,13020,33052,msedgewebview2.exe,103.7,120.9
315.5,34932,33052,msedgewebview2.exe,42.1,12.9
315.5,25792,33052,msedgewebview2.exe,22.6,8.9
315.5,4360,33052,msedgewebview2.exe,202.3,145.3
320.7,26348,36732,audio-desktop.exe,50.5,14.3
320.7,33052,26348,msedgewebview2.exe,150.5,50.5
320.7,15880,26348,audio_server.exe,222.4,287.1
320.7,34040,33052,msedgewebview2.exe,14.2,3
320.7,18344,34040,msedgewebview2.exe,13.5,2.8
320.7,13020,33052,msedgewebview2.exe,103.7,120.9
320.7,34932,33052,msedgewebview2.exe,42.1,12.9
320.7,25792,33052,msedgewebview2.exe,22.6,8.9
320.7,4360,33052,msedgewebview2.exe,202.3,145.3
325.9,26348,36732,audio-desktop.exe,50.5,14.3
325.9,33052,26348,msedgewebview2.exe,150.5,50.5
325.9,15880,26348,audio_server.exe,222.4,287.1
325.9,34040,33052,msedgewebview2.exe,14.2,3
325.9,18344,34040,msedgewebview2.exe,13.5,2.8
325.9,13020,33052,msedgewebview2.exe,103.7,120.9
325.9,34932,33052,msedgewebview2.exe,42.1,12.9
325.9,25792,33052,msedgewebview2.exe,22.6,8.9
325.9,4360,33052,msedgewebview2.exe,202.3,145.3
331.2,26348,36732,audio-desktop.exe,50.5,14.3
331.2,33052,26348,msedgewebview2.exe,150.5,50.5
331.2,15880,26348,audio_server.exe,222.4,287.1
331.2,34040,33052,msedgewebview2.exe,14.2,3
331.2,18344,34040,msedgewebview2.exe,13.5,2.8
331.2,13020,33052,msedgewebview2.exe,103.7,120.9
331.2,34932,33052,msedgewebview2.exe,42.1,12.9
331.2,25792,33052,msedgewebview2.exe,22.6,8.9
331.2,4360,33052,msedgewebview2.exe,202.3,145.3
336.4,26348,36732,audio-desktop.exe,50.5,14.3
336.4,33052,26348,msedgewebview2.exe,150.5,50.5
336.4,15880,26348,audio_server.exe,222.4,287.1
336.4,34040,33052,msedgewebview2.exe,14.2,3
336.4,18344,34040,msedgewebview2.exe,13.5,2.8
336.4,13020,33052,msedgewebview2.exe,103.7,120.9
336.4,34932,33052,msedgewebview2.exe,42.1,12.9
336.4,25792,33052,msedgewebview2.exe,22.6,8.9
336.4,4360,33052,msedgewebview2.exe,202.3,145.3
341.6,26348,36732,audio-desktop.exe,50.5,14.3
341.6,33052,26348,msedgewebview2.exe,150.5,50.5
341.6,15880,26348,audio_server.exe,222.4,287.1
341.6,34040,33052,msedgewebview2.exe,14.2,3
341.6,18344,34040,msedgewebview2.exe,13.5,2.8
341.6,13020,33052,msedgewebview2.exe,103.7,120.9
341.6,34932,33052,msedgewebview2.exe,42.1,12.9
341.6,25792,33052,msedgewebview2.exe,22.6,8.9
341.6,4360,33052,msedgewebview2.exe,202.3,145.3
346.9,26348,36732,audio-desktop.exe,50.5,14.3
346.9,33052,26348,msedgewebview2.exe,150.5,50.5
346.9,15880,26348,audio_server.exe,222.4,287.1
346.9,34040,33052,msedgewebview2.exe,14.2,3
346.9,18344,34040,msedgewebview2.exe,13.5,2.8
346.9,13020,33052,msedgewebview2.exe,103.7,120.9
346.9,34932,33052,msedgewebview2.exe,42.1,12.9
346.9,25792,33052,msedgewebview2.exe,22.6,8.9
346.9,4360,33052,msedgewebview2.exe,202.3,145.3
352.1,26348,36732,audio-desktop.exe,50.5,14.3
352.1,33052,26348,msedgewebview2.exe,150.5,50.5
352.1,15880,26348,audio_server.exe,222.4,287.1
352.1,34040,33052,msedgewebview2.exe,14.2,3
352.1,18344,34040,msedgewebview2.exe,13.5,2.8
352.1,13020,33052,msedgewebview2.exe,103.7,120.9
352.1,34932,33052,msedgewebview2.exe,42.1,12.9
352.1,25792,33052,msedgewebview2.exe,22.6,8.9
352.1,4360,33052,msedgewebview2.exe,202.3,145.3
357.4,26348,36732,audio-desktop.exe,50.5,14.3
357.4,33052,26348,msedgewebview2.exe,150.5,50.5
357.4,15880,26348,audio_server.exe,222.4,287.1
357.4,34040,33052,msedgewebview2.exe,14.2,3
357.4,18344,34040,msedgewebview2.exe,13.5,2.8
357.4,13020,33052,msedgewebview2.exe,103.7,120.9
357.4,34932,33052,msedgewebview2.exe,42.1,12.9
357.4,25792,33052,msedgewebview2.exe,22.6,8.9
357.4,4360,33052,msedgewebview2.exe,202.3,145.3
362.6,26348,36732,audio-desktop.exe,50.5,14.3
362.6,33052,26348,msedgewebview2.exe,150.5,50.5
362.6,15880,26348,audio_server.exe,222.4,287.1
362.6,34040,33052,msedgewebview2.exe,14.2,3
362.6,18344,34040,msedgewebview2.exe,13.5,2.8
362.6,13020,33052,msedgewebview2.exe,103.7,120.9
362.6,34932,33052,msedgewebview2.exe,42.1,12.9
362.6,25792,33052,msedgewebview2.exe,22.6,8.9
362.6,4360,33052,msedgewebview2.exe,202.1,145.3
367.8,26348,36732,audio-desktop.exe,50.5,14.3
367.8,33052,26348,msedgewebview2.exe,150.2,50.3
367.8,15880,26348,audio_server.exe,222.4,287.1
367.8,34040,33052,msedgewebview2.exe,14.2,3
367.8,18344,34040,msedgewebview2.exe,13.5,2.8
367.8,13020,33052,msedgewebview2.exe,103.7,120.9
367.8,34932,33052,msedgewebview2.exe,42.1,12.9
367.8,25792,33052,msedgewebview2.exe,22.6,8.9
367.8,4360,33052,msedgewebview2.exe,201.9,145.3
373.1,26348,36732,audio-desktop.exe,50.5,14.3
373.1,33052,26348,msedgewebview2.exe,150.2,50.3
373.1,15880,26348,audio_server.exe,222.4,287.1
373.1,34040,33052,msedgewebview2.exe,14.2,3
373.1,18344,34040,msedgewebview2.exe,13.5,2.8
373.1,13020,33052,msedgewebview2.exe,103.7,120.9
373.1,34932,33052,msedgewebview2.exe,42.1,12.9
373.1,25792,33052,msedgewebview2.exe,22.6,8.9
373.1,4360,33052,msedgewebview2.exe,201.9,145.3
378.3,26348,36732,audio-desktop.exe,50.5,14.3
378.3,33052,26348,msedgewebview2.exe,150.2,50.3
378.3,15880,26348,audio_server.exe,222.4,287.1
378.3,34040,33052,msedgewebview2.exe,14.2,3
378.3,18344,34040,msedgewebview2.exe,13.5,2.8
378.3,13020,33052,msedgewebview2.exe,103.7,120.9
378.3,34932,33052,msedgewebview2.exe,42.1,12.9
378.3,25792,33052,msedgewebview2.exe,22.6,8.9
378.3,4360,33052,msedgewebview2.exe,201.9,145.3
383.6,26348,36732,audio-desktop.exe,50.5,14.2
383.6,33052,26348,msedgewebview2.exe,150.2,50.2
383.6,15880,26348,audio_server.exe,222.4,287
383.6,34040,33052,msedgewebview2.exe,14.2,3
383.6,18344,34040,msedgewebview2.exe,13.5,2.7
383.6,13020,33052,msedgewebview2.exe,103.7,120.9
383.6,34932,33052,msedgewebview2.exe,42,12.8
383.6,25792,33052,msedgewebview2.exe,22.6,8.9
383.6,4360,33052,msedgewebview2.exe,201.9,145.2
388.8,26348,36732,audio-desktop.exe,50.5,14.2
388.8,33052,26348,msedgewebview2.exe,150.2,50.2
388.8,15880,26348,audio_server.exe,222.4,287
388.8,34040,33052,msedgewebview2.exe,14.2,3
388.8,18344,34040,msedgewebview2.exe,13.5,2.7
388.8,13020,33052,msedgewebview2.exe,103.7,120.9
388.8,34932,33052,msedgewebview2.exe,42,12.8
388.8,25792,33052,msedgewebview2.exe,22.6,8.9
388.8,4360,33052,msedgewebview2.exe,201.9,145.2
394,26348,36732,audio-desktop.exe,50.5,14.2
394,33052,26348,msedgewebview2.exe,150.2,50.2
394,15880,26348,audio_server.exe,222.4,287
394,34040,33052,msedgewebview2.exe,14.2,3
394,18344,34040,msedgewebview2.exe,13.5,2.7
394,13020,33052,msedgewebview2.exe,103.7,120.9
394,34932,33052,msedgewebview2.exe,42,12.8
394,25792,33052,msedgewebview2.exe,22.6,8.9
394,4360,33052,msedgewebview2.exe,201.8,145.2
399.3,26348,36732,audio-desktop.exe,50.5,14.2
399.3,33052,26348,msedgewebview2.exe,150.2,50.2
399.3,15880,26348,audio_server.exe,222.4,287
399.3,34040,33052,msedgewebview2.exe,14.2,3
399.3,18344,34040,msedgewebview2.exe,13.5,2.7
399.3,13020,33052,msedgewebview2.exe,103.7,120.8
399.3,34932,33052,msedgewebview2.exe,42,12.8
399.3,25792,33052,msedgewebview2.exe,22.6,8.9
399.3,4360,33052,msedgewebview2.exe,201.7,145.2
404.5,26348,36732,audio-desktop.exe,50.5,14.2
404.5,33052,26348,msedgewebview2.exe,150.2,50.2
404.5,15880,26348,audio_server.exe,222.4,287
404.5,34040,33052,msedgewebview2.exe,14.2,3
404.5,18344,34040,msedgewebview2.exe,13.5,2.7
404.5,13020,33052,msedgewebview2.exe,103.7,120.9
404.5,34932,33052,msedgewebview2.exe,42,12.8
404.5,25792,33052,msedgewebview2.exe,22.6,8.9
404.5,4360,33052,msedgewebview2.exe,201.7,145.2
409.8,26348,36732,audio-desktop.exe,50.5,14.2
409.8,33052,26348,msedgewebview2.exe,150.2,50.2
409.8,15880,26348,audio_server.exe,222.4,287
409.8,34040,33052,msedgewebview2.exe,14.2,3
409.8,18344,34040,msedgewebview2.exe,13.5,2.7
409.8,13020,33052,msedgewebview2.exe,103.7,120.9
409.8,34932,33052,msedgewebview2.exe,42,12.8
409.8,25792,33052,msedgewebview2.exe,22.6,8.9
409.8,4360,33052,msedgewebview2.exe,201.7,145.2
415,26348,36732,audio-desktop.exe,50.5,14.2
415,33052,26348,msedgewebview2.exe,150.2,50.2
415,15880,26348,audio_server.exe,222.4,287
415,34040,33052,msedgewebview2.exe,14.2,3
415,18344,34040,msedgewebview2.exe,13.5,2.7
415,13020,33052,msedgewebview2.exe,103.7,120.9
415,34932,33052,msedgewebview2.exe,42,12.8
415,25792,33052,msedgewebview2.exe,22.6,8.9
415,4360,33052,msedgewebview2.exe,201.7,145.2
420.3,26348,36732,audio-desktop.exe,50.5,14.3
420.3,33052,26348,msedgewebview2.exe,150.2,50.2
420.3,15880,26348,audio_server.exe,222.4,287
420.3,34040,33052,msedgewebview2.exe,14.2,3
420.3,18344,34040,msedgewebview2.exe,13.5,2.7
420.3,13020,33052,msedgewebview2.exe,103.7,120.9
420.3,34932,33052,msedgewebview2.exe,42,12.8
420.3,25792,33052,msedgewebview2.exe,22.6,8.9
420.3,4360,33052,msedgewebview2.exe,201.7,145.2
425.5,26348,36732,audio-desktop.exe,50.5,14.3
425.5,33052,26348,msedgewebview2.exe,150.2,50.2
425.5,15880,26348,audio_server.exe,222.4,287
425.5,34040,33052,msedgewebview2.exe,14.2,3
425.5,18344,34040,msedgewebview2.exe,13.5,2.7
425.5,13020,33052,msedgewebview2.exe,103.7,120.9
425.5,34932,33052,msedgewebview2.exe,42,12.8
425.5,25792,33052,msedgewebview2.exe,22.6,8.8
425.5,4360,33052,msedgewebview2.exe,201.7,145.2
430.7,26348,36732,audio-desktop.exe,50.5,14.3
430.7,33052,26348,msedgewebview2.exe,150.2,50.2
430.7,15880,26348,audio_server.exe,222.4,287
430.7,34040,33052,msedgewebview2.exe,14.2,3
430.7,18344,34040,msedgewebview2.exe,13.5,2.7
430.7,13020,33052,msedgewebview2.exe,103.7,120.9
430.7,34932,33052,msedgewebview2.exe,42,12.8
430.7,25792,33052,msedgewebview2.exe,22.5,8.8
430.7,4360,33052,msedgewebview2.exe,201.7,145.2
436,26348,36732,audio-desktop.exe,50.5,14.3
436,33052,26348,msedgewebview2.exe,150.2,50.2
436,15880,26348,audio_server.exe,222.4,287
436,34040,33052,msedgewebview2.exe,14.2,3
436,18344,34040,msedgewebview2.exe,13.5,2.7
436,13020,33052,msedgewebview2.exe,103.7,120.9
436,34932,33052,msedgewebview2.exe,42,12.8
436,25792,33052,msedgewebview2.exe,22.5,8.8
436,4360,33052,msedgewebview2.exe,201.7,145.2
441.2,26348,36732,audio-desktop.exe,50.5,14.3
441.2,33052,26348,msedgewebview2.exe,150.2,50.2
441.2,15880,26348,audio_server.exe,222.4,287
441.2,34040,33052,msedgewebview2.exe,14.2,3
441.2,18344,34040,msedgewebview2.exe,13.5,2.7
441.2,13020,33052,msedgewebview2.exe,103.7,120.9
441.2,34932,33052,msedgewebview2.exe,42,12.8
441.2,25792,33052,msedgewebview2.exe,22.5,8.8
441.2,4360,33052,msedgewebview2.exe,201.7,145.2
446.4,26348,36732,audio-desktop.exe,50.5,14.3
446.4,33052,26348,msedgewebview2.exe,150.2,50.2
446.4,15880,26348,audio_server.exe,222.4,287
446.4,34040,33052,msedgewebview2.exe,14.2,3
446.4,18344,34040,msedgewebview2.exe,13.5,2.7
446.4,13020,33052,msedgewebview2.exe,103.7,120.8
446.4,34932,33052,msedgewebview2.exe,42,12.8
446.4,25792,33052,msedgewebview2.exe,22.5,8.8
446.4,4360,33052,msedgewebview2.exe,201.6,145.2
451.6,26348,36732,audio-desktop.exe,50.5,14.3
451.6,33052,26348,msedgewebview2.exe,150.2,50.2
451.6,15880,26348,audio_server.exe,222.4,287
451.6,34040,33052,msedgewebview2.exe,14.2,3
451.6,18344,34040,msedgewebview2.exe,13.5,2.7
451.6,13020,33052,msedgewebview2.exe,103.7,120.8
451.6,34932,33052,msedgewebview2.exe,42,12.8
451.6,25792,33052,msedgewebview2.exe,22.5,8.8
451.6,4360,33052,msedgewebview2.exe,201.6,145.2
456.9,26348,36732,audio-desktop.exe,50.5,14.3
456.9,33052,26348,msedgewebview2.exe,150.2,50.2
456.9,15880,26348,audio_server.exe,222.4,287
456.9,34040,33052,msedgewebview2.exe,14.2,3
456.9,18344,34040,msedgewebview2.exe,13.5,2.7
456.9,13020,33052,msedgewebview2.exe,103.7,120.8
456.9,34932,33052,msedgewebview2.exe,42,12.8
456.9,25792,33052,msedgewebview2.exe,22.5,8.8
456.9,4360,33052,msedgewebview2.exe,200.9,145.2
462.1,26348,36732,audio-desktop.exe,50.5,14.3
462.1,33052,26348,msedgewebview2.exe,150.2,50.2
462.1,15880,26348,audio_server.exe,222.4,287
462.1,34040,33052,msedgewebview2.exe,14.2,3
462.1,18344,34040,msedgewebview2.exe,13.5,2.7
462.1,13020,33052,msedgewebview2.exe,103.7,120.8
462.1,34932,33052,msedgewebview2.exe,42,12.8
462.1,25792,33052,msedgewebview2.exe,22.5,8.8
462.1,4360,33052,msedgewebview2.exe,200.8,145.2
467.3,26348,36732,audio-desktop.exe,50.5,14.3
467.3,33052,26348,msedgewebview2.exe,150.2,50.2
467.3,15880,26348,audio_server.exe,222.4,287
467.3,34040,33052,msedgewebview2.exe,14.2,3
467.3,18344,34040,msedgewebview2.exe,13.5,2.7
467.3,13020,33052,msedgewebview2.exe,103.7,120.8
467.3,34932,33052,msedgewebview2.exe,42,12.8
467.3,25792,33052,msedgewebview2.exe,22.5,8.8
467.3,4360,33052,msedgewebview2.exe,200.8,145.2
472.6,26348,36732,audio-desktop.exe,50.5,14.3
472.6,33052,26348,msedgewebview2.exe,150.2,50.2
472.6,15880,26348,audio_server.exe,222.4,287
472.6,34040,33052,msedgewebview2.exe,14.2,3
472.6,18344,34040,msedgewebview2.exe,13.5,2.7
472.6,13020,33052,msedgewebview2.exe,103.7,120.8
472.6,34932,33052,msedgewebview2.exe,42,12.8
472.6,25792,33052,msedgewebview2.exe,22.5,8.8
472.6,4360,33052,msedgewebview2.exe,200.8,145.2
477.8,26348,36732,audio-desktop.exe,50.5,14.3
477.8,33052,26348,msedgewebview2.exe,150.2,50.2
477.8,15880,26348,audio_server.exe,222.4,287
477.8,34040,33052,msedgewebview2.exe,14.2,3
477.8,18344,34040,msedgewebview2.exe,13.5,2.7
477.8,13020,33052,msedgewebview2.exe,103.7,120.8
477.8,34932,33052,msedgewebview2.exe,42,12.8
477.8,25792,33052,msedgewebview2.exe,22.5,8.8
477.8,4360,33052,msedgewebview2.exe,200.8,145.2
483.1,26348,36732,audio-desktop.exe,50.5,14.3
483.1,33052,26348,msedgewebview2.exe,150.2,50.2
483.1,15880,26348,audio_server.exe,222.4,287
483.1,34040,33052,msedgewebview2.exe,14.2,3
483.1,18344,34040,msedgewebview2.exe,13.5,2.7
483.1,13020,33052,msedgewebview2.exe,103.7,120.8
483.1,34932,33052,msedgewebview2.exe,42,12.8
483.1,25792,33052,msedgewebview2.exe,22.5,8.8
483.1,4360,33052,msedgewebview2.exe,200.8,145.2
488.3,26348,36732,audio-desktop.exe,50.5,14.3
488.3,33052,26348,msedgewebview2.exe,150.2,50.2
488.3,15880,26348,audio_server.exe,222.4,287
488.3,34040,33052,msedgewebview2.exe,14.2,3
488.3,18344,34040,msedgewebview2.exe,13.5,2.7
488.3,13020,33052,msedgewebview2.exe,103.7,120.8
488.3,34932,33052,msedgewebview2.exe,42,12.8
488.3,25792,33052,msedgewebview2.exe,22.5,8.8
488.3,4360,33052,msedgewebview2.exe,200.8,145.2
493.6,26348,36732,audio-desktop.exe,50.5,14.3
493.6,33052,26348,msedgewebview2.exe,150.2,50.2
493.6,15880,26348,audio_server.exe,222.4,287
493.6,34040,33052,msedgewebview2.exe,14.2,3
493.6,18344,34040,msedgewebview2.exe,13.5,2.7
493.6,13020,33052,msedgewebview2.exe,103.7,120.8
493.6,34932,33052,msedgewebview2.exe,42,12.8
493.6,25792,33052,msedgewebview2.exe,22.5,8.8
493.6,4360,33052,msedgewebview2.exe,200.8,145.2
498.8,26348,36732,audio-desktop.exe,50.5,14.3
498.8,33052,26348,msedgewebview2.exe,150.2,50.2
498.8,15880,26348,audio_server.exe,222.4,287
498.8,34040,33052,msedgewebview2.exe,14.2,3
498.8,18344,34040,msedgewebview2.exe,13.5,2.7
498.8,13020,33052,msedgewebview2.exe,103.7,120.8
498.8,34932,33052,msedgewebview2.exe,42,12.8
498.8,25792,33052,msedgewebview2.exe,22.5,8.8
498.8,4360,33052,msedgewebview2.exe,200.8,145.2
504.1,26348,36732,audio-desktop.exe,50.5,14.3
504.1,33052,26348,msedgewebview2.exe,150.2,50.2
504.1,15880,26348,audio_server.exe,222.4,287
504.1,34040,33052,msedgewebview2.exe,14.2,3
504.1,18344,34040,msedgewebview2.exe,13.5,2.7
504.1,13020,33052,msedgewebview2.exe,103.7,120.8
504.1,34932,33052,msedgewebview2.exe,42,12.8
504.1,25792,33052,msedgewebview2.exe,22.5,8.8
504.1,4360,33052,msedgewebview2.exe,200.8,145.2
509.4,26348,36732,audio-desktop.exe,50.5,14.3
509.4,33052,26348,msedgewebview2.exe,150.2,50.2
509.4,15880,26348,audio_server.exe,222.4,287
509.4,34040,33052,msedgewebview2.exe,14.2,3
509.4,18344,34040,msedgewebview2.exe,13.5,2.7
509.4,13020,33052,msedgewebview2.exe,103.7,120.8
509.4,34932,33052,msedgewebview2.exe,42,12.8
509.4,25792,33052,msedgewebview2.exe,22.5,8.8
509.4,4360,33052,msedgewebview2.exe,200.8,145.2
514.6,26348,36732,audio-desktop.exe,50.5,14.3
514.6,33052,26348,msedgewebview2.exe,150.2,50.2
514.6,15880,26348,audio_server.exe,222.4,287
514.6,34040,33052,msedgewebview2.exe,14.2,3
514.6,18344,34040,msedgewebview2.exe,13.5,2.7
514.6,13020,33052,msedgewebview2.exe,103.7,120.8
514.6,34932,33052,msedgewebview2.exe,42,12.8
514.6,25792,33052,msedgewebview2.exe,22.5,8.8
514.6,4360,33052,msedgewebview2.exe,200.8,145.2
519.9,26348,36732,audio-desktop.exe,50.5,14.3
519.9,33052,26348,msedgewebview2.exe,150.1,50.1
519.9,15880,26348,audio_server.exe,222.4,287
519.9,34040,33052,msedgewebview2.exe,14.2,3
519.9,18344,34040,msedgewebview2.exe,13.5,2.7
519.9,13020,33052,msedgewebview2.exe,103.6,120.8
519.9,34932,33052,msedgewebview2.exe,42,12.8
519.9,25792,33052,msedgewebview2.exe,22.5,8.8
519.9,4360,33052,msedgewebview2.exe,200.8,145.2
525.1,26348,36732,audio-desktop.exe,50.5,14.3
525.1,33052,26348,msedgewebview2.exe,150.1,50.1
525.1,15880,26348,audio_server.exe,222.4,287
525.1,34040,33052,msedgewebview2.exe,14.2,3
525.1,18344,34040,msedgewebview2.exe,13.5,2.7
525.1,13020,33052,msedgewebview2.exe,103.7,120.8
525.1,34932,33052,msedgewebview2.exe,42,12.8
525.1,25792,33052,msedgewebview2.exe,22.5,8.8
525.1,4360,33052,msedgewebview2.exe,200.8,145.2
530.3,26348,36732,audio-desktop.exe,50.5,14.3
530.3,33052,26348,msedgewebview2.exe,150.1,50.1
530.3,15880,26348,audio_server.exe,222.4,287
530.3,34040,33052,msedgewebview2.exe,14.2,3
530.3,18344,34040,msedgewebview2.exe,13.5,2.7
530.3,13020,33052,msedgewebview2.exe,103.7,120.8
530.3,34932,33052,msedgewebview2.exe,42,12.8
530.3,25792,33052,msedgewebview2.exe,22.5,8.8
530.3,4360,33052,msedgewebview2.exe,200.8,145.2
535.6,26348,36732,audio-desktop.exe,50.5,14.3
535.6,33052,26348,msedgewebview2.exe,150.1,50.1
535.6,15880,26348,audio_server.exe,222.4,287
535.6,34040,33052,msedgewebview2.exe,14.2,3
535.6,18344,34040,msedgewebview2.exe,13.5,2.7
535.6,13020,33052,msedgewebview2.exe,103.7,120.8
535.6,34932,33052,msedgewebview2.exe,42,12.8
535.6,25792,33052,msedgewebview2.exe,22.5,8.8
535.6,4360,33052,msedgewebview2.exe,200.8,145.2
540.8,26348,36732,audio-desktop.exe,50.5,14.3
540.8,33052,26348,msedgewebview2.exe,150.1,50.1
540.8,15880,26348,audio_server.exe,222.4,287
540.8,34040,33052,msedgewebview2.exe,14.2,3
540.8,18344,34040,msedgewebview2.exe,13.5,2.7
540.8,13020,33052,msedgewebview2.exe,103.7,120.8
540.8,34932,33052,msedgewebview2.exe,42,12.8
540.8,25792,33052,msedgewebview2.exe,22.5,8.8
540.8,4360,33052,msedgewebview2.exe,200.8,145.2
546.1,26348,36732,audio-desktop.exe,50.5,14.3
546.1,33052,26348,msedgewebview2.exe,150.1,50.1
546.1,15880,26348,audio_server.exe,222.4,287
546.1,34040,33052,msedgewebview2.exe,14.2,3
546.1,18344,34040,msedgewebview2.exe,13.5,2.7
546.1,13020,33052,msedgewebview2.exe,103.7,120.8
546.1,34932,33052,msedgewebview2.exe,42,12.8
546.1,25792,33052,msedgewebview2.exe,22.5,8.8
546.1,4360,33052,msedgewebview2.exe,200.8,145.2
551.3,26348,36732,audio-desktop.exe,50.5,14.3
551.3,33052,26348,msedgewebview2.exe,150.1,50.1
551.3,15880,26348,audio_server.exe,222.4,287
551.3,34040,33052,msedgewebview2.exe,14.2,3
551.3,18344,34040,msedgewebview2.exe,13.5,2.7
551.3,13020,33052,msedgewebview2.exe,103.7,120.8
551.3,34932,33052,msedgewebview2.exe,42,12.8
551.3,25792,33052,msedgewebview2.exe,22.5,8.8
551.3,4360,33052,msedgewebview2.exe,200.8,145.2
556.5,26348,36732,audio-desktop.exe,50.5,14.3
556.5,33052,26348,msedgewebview2.exe,150.1,50.1
556.5,15880,26348,audio_server.exe,222.4,287
556.5,34040,33052,msedgewebview2.exe,14.2,3
556.5,18344,34040,msedgewebview2.exe,13.5,2.7
556.5,13020,33052,msedgewebview2.exe,103.7,120.8
556.5,34932,33052,msedgewebview2.exe,42,12.8
556.5,25792,33052,msedgewebview2.exe,22.5,8.8
556.5,4360,33052,msedgewebview2.exe,200.8,145.2
561.8,26348,36732,audio-desktop.exe,50.5,14.3
561.8,33052,26348,msedgewebview2.exe,150.1,50.1
561.8,15880,26348,audio_server.exe,222.4,287
561.8,34040,33052,msedgewebview2.exe,14.2,3
561.8,18344,34040,msedgewebview2.exe,13.5,2.7
561.8,13020,33052,msedgewebview2.exe,103.7,120.8
561.8,34932,33052,msedgewebview2.exe,42,12.8
561.8,25792,33052,msedgewebview2.exe,22.5,8.8
561.8,4360,33052,msedgewebview2.exe,200.8,145.2
567,26348,36732,audio-desktop.exe,50.5,14.3
567,33052,26348,msedgewebview2.exe,150.1,50.1
567,15880,26348,audio_server.exe,222.4,287
567,34040,33052,msedgewebview2.exe,14.2,3
567,18344,34040,msedgewebview2.exe,13.5,2.7
567,13020,33052,msedgewebview2.exe,103.7,120.8
567,34932,33052,msedgewebview2.exe,42,12.8
567,25792,33052,msedgewebview2.exe,22.5,8.8
567,4360,33052,msedgewebview2.exe,200.8,145.2
572.3,26348,36732,audio-desktop.exe,50.5,14.3
572.3,33052,26348,msedgewebview2.exe,150.1,50.1
572.3,15880,26348,audio_server.exe,222.4,287
572.3,34040,33052,msedgewebview2.exe,14.2,3
572.3,18344,34040,msedgewebview2.exe,13.5,2.7
572.3,13020,33052,msedgewebview2.exe,103.7,120.8
572.3,34932,33052,msedgewebview2.exe,42,12.8
572.3,25792,33052,msedgewebview2.exe,22.5,8.8
572.3,4360,33052,msedgewebview2.exe,200.8,145.2
577.5,26348,36732,audio-desktop.exe,50.5,14.3
577.5,33052,26348,msedgewebview2.exe,150.1,50.1
577.5,15880,26348,audio_server.exe,222.4,287
577.5,34040,33052,msedgewebview2.exe,14.2,3
577.5,18344,34040,msedgewebview2.exe,13.5,2.7
577.5,13020,33052,msedgewebview2.exe,103.7,120.8
577.5,34932,33052,msedgewebview2.exe,42,12.8
577.5,25792,33052,msedgewebview2.exe,22.5,8.8
577.5,4360,33052,msedgewebview2.exe,200.8,145.2
582.8,26348,36732,audio-desktop.exe,50.5,14.3
582.8,33052,26348,msedgewebview2.exe,150.1,50.1
582.8,15880,26348,audio_server.exe,222.4,287
582.8,34040,33052,msedgewebview2.exe,14.2,3
582.8,18344,34040,msedgewebview2.exe,13.5,2.7
582.8,13020,33052,msedgewebview2.exe,103.7,120.8
582.8,34932,33052,msedgewebview2.exe,42,12.8
582.8,25792,33052,msedgewebview2.exe,22.5,8.8
582.8,4360,33052,msedgewebview2.exe,200.8,145.2
588,26348,36732,audio-desktop.exe,50.5,14.3
588,33052,26348,msedgewebview2.exe,150.1,50.1
588,15880,26348,audio_server.exe,222.4,287
588,34040,33052,msedgewebview2.exe,14.2,3
588,18344,34040,msedgewebview2.exe,13.5,2.7
588,13020,33052,msedgewebview2.exe,103.7,120.8
588,34932,33052,msedgewebview2.exe,42,12.8
588,25792,33052,msedgewebview2.exe,22.5,8.8
588,4360,33052,msedgewebview2.exe,200.8,145.2
593.2,26348,36732,audio-desktop.exe,50.5,14.3
593.2,33052,26348,msedgewebview2.exe,150.1,50.1
593.2,15880,26348,audio_server.exe,222.4,287
593.2,34040,33052,msedgewebview2.exe,14.2,3
593.2,18344,34040,msedgewebview2.exe,13.5,2.7
593.2,13020,33052,msedgewebview2.exe,103.7,120.8
593.2,34932,33052,msedgewebview2.exe,42,12.8
593.2,25792,33052,msedgewebview2.exe,22.5,8.8
593.2,4360,33052,msedgewebview2.exe,200.8,145.2
598.5,26348,36732,audio-desktop.exe,50.5,14.3
598.5,33052,26348,msedgewebview2.exe,150.1,50.1
598.5,15880,26348,audio_server.exe,222.4,287
598.5,34040,33052,msedgewebview2.exe,14.2,3
598.5,18344,34040,msedgewebview2.exe,13.5,2.7
598.5,13020,33052,msedgewebview2.exe,103.7,120.8
598.5,34932,33052,msedgewebview2.exe,42,12.8
598.5,25792,33052,msedgewebview2.exe,22.5,8.8
598.5,4360,33052,msedgewebview2.exe,200.8,145.2
603.7,26348,36732,audio-desktop.exe,50.5,14.3
603.7,33052,26348,msedgewebview2.exe,150.1,50.1
603.7,15880,26348,audio_server.exe,222.4,287
603.7,34040,33052,msedgewebview2.exe,14.2,3
603.7,18344,34040,msedgewebview2.exe,13.5,2.7
603.7,13020,33052,msedgewebview2.exe,103.7,120.8
603.7,34932,33052,msedgewebview2.exe,42,12.8
603.7,25792,33052,msedgewebview2.exe,22.5,8.8
603.7,4360,33052,msedgewebview2.exe,200.8,145.2
609,26348,36732,audio-desktop.exe,50.5,14.3
609,33052,26348,msedgewebview2.exe,148.2,50.1
609,15880,26348,audio_server.exe,222.4,287
609,34040,33052,msedgewebview2.exe,14.2,2.9
609,18344,34040,msedgewebview2.exe,13.4,2.7
609,13020,33052,msedgewebview2.exe,103.7,120.8
609,34932,33052,msedgewebview2.exe,42,12.7
609,25792,33052,msedgewebview2.exe,22.6,8.8
609,4360,33052,msedgewebview2.exe,200.8,145.2
614.2,26348,36732,audio-desktop.exe,50.5,14.3
614.2,33052,26348,msedgewebview2.exe,148.5,50.4
614.2,15880,26348,audio_server.exe,222.4,287
614.2,34040,33052,msedgewebview2.exe,14.2,3
614.2,18344,34040,msedgewebview2.exe,13.5,2.7
614.2,13020,33052,msedgewebview2.exe,103.7,120.8
614.2,34932,33052,msedgewebview2.exe,42,12.8
614.2,25792,33052,msedgewebview2.exe,22.6,8.8
614.2,4360,33052,msedgewebview2.exe,200.8,145.2
619.5,26348,36732,audio-desktop.exe,50.5,14.3
619.5,33052,26348,msedgewebview2.exe,148.5,50.4
619.5,15880,26348,audio_server.exe,222.4,287
619.5,34040,33052,msedgewebview2.exe,14.2,3
619.5,18344,34040,msedgewebview2.exe,13.5,2.7
619.5,13020,33052,msedgewebview2.exe,103.7,120.8
619.5,34932,33052,msedgewebview2.exe,42,12.8
619.5,25792,33052,msedgewebview2.exe,22.6,8.8
619.5,4360,33052,msedgewebview2.exe,200.8,145.2
624.8,26348,36732,audio-desktop.exe,50.5,14.3
624.8,33052,26348,msedgewebview2.exe,148.5,50.4
624.8,15880,26348,audio_server.exe,222.4,287
624.8,34040,33052,msedgewebview2.exe,14.2,3
624.8,18344,34040,msedgewebview2.exe,13.5,2.7
624.8,13020,33052,msedgewebview2.exe,103.7,120.8
624.8,34932,33052,msedgewebview2.exe,42,12.8
624.8,25792,33052,msedgewebview2.exe,22.6,8.8
624.8,4360,33052,msedgewebview2.exe,200.8,145.2
630,26348,36732,audio-desktop.exe,50.5,14.3
630,33052,26348,msedgewebview2.exe,148.5,50.4
630,15880,26348,audio_server.exe,222.4,287
630,34040,33052,msedgewebview2.exe,14.2,3
630,18344,34040,msedgewebview2.exe,13.5,2.7
630,13020,33052,msedgewebview2.exe,103.7,120.8
630,34932,33052,msedgewebview2.exe,42,12.8
630,25792,33052,msedgewebview2.exe,22.6,8.8
630,4360,33052,msedgewebview2.exe,200.8,145.2
635.3,26348,36732,audio-desktop.exe,50.5,14.3
635.3,33052,26348,msedgewebview2.exe,148.5,50.4
635.3,15880,26348,audio_server.exe,222.4,287
635.3,34040,33052,msedgewebview2.exe,14.2,3
635.3,18344,34040,msedgewebview2.exe,13.5,2.7
635.3,13020,33052,msedgewebview2.exe,103.7,120.8
635.3,34932,33052,msedgewebview2.exe,42,12.8
635.3,25792,33052,msedgewebview2.exe,22.6,8.8
635.3,4360,33052,msedgewebview2.exe,200.8,145.2
640.5,26348,36732,audio-desktop.exe,50.5,14.3
640.5,33052,26348,msedgewebview2.exe,148.2,50.1
640.5,15880,26348,audio_server.exe,222.4,287
640.5,34040,33052,msedgewebview2.exe,14.2,3
640.5,18344,34040,msedgewebview2.exe,13.5,2.7
640.5,13020,33052,msedgewebview2.exe,103.7,120.8
640.5,34932,33052,msedgewebview2.exe,42,12.8
640.5,25792,33052,msedgewebview2.exe,22.6,8.8
640.5,4360,33052,msedgewebview2.exe,200.8,145.2
645.7,26348,36732,audio-desktop.exe,50.5,14.3
645.7,33052,26348,msedgewebview2.exe,148.2,50.1
645.7,15880,26348,audio_server.exe,222.4,287
645.7,34040,33052,msedgewebview2.exe,14.2,3
645.7,18344,34040,msedgewebview2.exe,13.5,2.7
645.7,13020,33052,msedgewebview2.exe,103.7,120.8
645.7,34932,33052,msedgewebview2.exe,42,12.8
645.7,25792,33052,msedgewebview2.exe,22.6,8.8
645.7,4360,33052,msedgewebview2.exe,200.8,145.2
651,26348,36732,audio-desktop.exe,50.5,14.3
651,33052,26348,msedgewebview2.exe,148.2,50.1
651,15880,26348,audio_server.exe,222.4,287
651,34040,33052,msedgewebview2.exe,14.2,3
651,18344,34040,msedgewebview2.exe,13.5,2.7
651,13020,33052,msedgewebview2.exe,103.7,120.8
651,34932,33052,msedgewebview2.exe,42,12.8
651,25792,33052,msedgewebview2.exe,22.6,8.8
651,4360,33052,msedgewebview2.exe,200.8,145.2
656.3,26348,36732,audio-desktop.exe,50.5,14.3
656.3,33052,26348,msedgewebview2.exe,148.2,50.1
656.3,15880,26348,audio_server.exe,222.4,287
656.3,34040,33052,msedgewebview2.exe,14.2,3
656.3,18344,34040,msedgewebview2.exe,13.5,2.7
656.3,13020,33052,msedgewebview2.exe,103.7,120.8
656.3,34932,33052,msedgewebview2.exe,42,12.8
656.3,25792,33052,msedgewebview2.exe,22.6,8.8
656.3,4360,33052,msedgewebview2.exe,200.8,145.2
661.5,26348,36732,audio-desktop.exe,50.5,14.3
661.5,33052,26348,msedgewebview2.exe,148.2,50.1
661.5,15880,26348,audio_server.exe,222.4,287
661.5,34040,33052,msedgewebview2.exe,14.2,3
661.5,18344,34040,msedgewebview2.exe,13.5,2.7
661.5,13020,33052,msedgewebview2.exe,103.7,120.8
661.5,34932,33052,msedgewebview2.exe,42,12.8
661.5,25792,33052,msedgewebview2.exe,22.6,8.8
661.5,4360,33052,msedgewebview2.exe,200.8,145.2
666.8,26348,36732,audio-desktop.exe,50.5,14.3
666.8,33052,26348,msedgewebview2.exe,148.2,50.1
666.8,15880,26348,audio_server.exe,222.4,287
666.8,34040,33052,msedgewebview2.exe,14.2,3
666.8,18344,34040,msedgewebview2.exe,13.5,2.7
666.8,13020,33052,msedgewebview2.exe,103.7,120.8
666.8,34932,33052,msedgewebview2.exe,42,12.8
666.8,25792,33052,msedgewebview2.exe,22.6,8.8
666.8,4360,33052,msedgewebview2.exe,200.8,145.2
672,26348,36732,audio-desktop.exe,50.5,14.3
672,33052,26348,msedgewebview2.exe,148.2,50.1
672,15880,26348,audio_server.exe,222.4,287
672,34040,33052,msedgewebview2.exe,14.2,3
672,18344,34040,msedgewebview2.exe,13.5,2.7
672,13020,33052,msedgewebview2.exe,103.7,120.8
672,34932,33052,msedgewebview2.exe,42,12.8
672,25792,33052,msedgewebview2.exe,22.6,8.8
672,4360,33052,msedgewebview2.exe,200.8,145.2
677.3,26348,36732,audio-desktop.exe,50.5,14.3
677.3,33052,26348,msedgewebview2.exe,148.2,50.1
677.3,15880,26348,audio_server.exe,222.4,287
677.3,34040,33052,msedgewebview2.exe,14.2,3
677.3,18344,34040,msedgewebview2.exe,13.5,2.7
677.3,13020,33052,msedgewebview2.exe,103.7,120.8
677.3,34932,33052,msedgewebview2.exe,42,12.7
677.3,25792,33052,msedgewebview2.exe,22.6,8.8
677.3,4360,33052,msedgewebview2.exe,200.8,145.2
682.5,26348,36732,audio-desktop.exe,50.5,14.3
682.5,33052,26348,msedgewebview2.exe,148.2,50.1
682.5,15880,26348,audio_server.exe,222.4,287
682.5,34040,33052,msedgewebview2.exe,14.2,3
682.5,18344,34040,msedgewebview2.exe,13.5,2.7
682.5,13020,33052,msedgewebview2.exe,103.7,120.8
682.5,34932,33052,msedgewebview2.exe,42,12.7
682.5,25792,33052,msedgewebview2.exe,22.6,8.8
682.5,4360,33052,msedgewebview2.exe,200.8,145.2
687.7,26348,36732,audio-desktop.exe,50.5,14.3
687.7,33052,26348,msedgewebview2.exe,148.2,50.1
687.7,15880,26348,audio_server.exe,222.4,287
687.7,34040,33052,msedgewebview2.exe,14.2,3
687.7,18344,34040,msedgewebview2.exe,13.5,2.7
687.7,13020,33052,msedgewebview2.exe,103.7,120.8
687.7,34932,33052,msedgewebview2.exe,42,12.7
687.7,25792,33052,msedgewebview2.exe,22.6,8.8
687.7,4360,33052,msedgewebview2.exe,200.8,145.2
693,26348,36732,audio-desktop.exe,50.5,14.3
693,33052,26348,msedgewebview2.exe,148.2,50.1
693,15880,26348,audio_server.exe,222.4,287
693,34040,33052,msedgewebview2.exe,14.2,3
693,18344,34040,msedgewebview2.exe,13.5,2.7
693,13020,33052,msedgewebview2.exe,103.7,120.8
693,34932,33052,msedgewebview2.exe,42,12.7
693,25792,33052,msedgewebview2.exe,22.6,8.8
693,4360,33052,msedgewebview2.exe,200.8,145.2
698.2,26348,36732,audio-desktop.exe,50.5,14.3
698.2,33052,26348,msedgewebview2.exe,148.2,50.1
698.2,15880,26348,audio_server.exe,222.4,287
698.2,34040,33052,msedgewebview2.exe,14.2,3
698.2,18344,34040,msedgewebview2.exe,13.5,2.7
698.2,13020,33052,msedgewebview2.exe,103.7,120.8
698.2,34932,33052,msedgewebview2.exe,42,12.7
698.2,25792,33052,msedgewebview2.exe,22.6,8.8
698.2,4360,33052,msedgewebview2.exe,200.8,145.2
703.5,26348,36732,audio-desktop.exe,50.5,14.3
703.5,33052,26348,msedgewebview2.exe,148.2,50.1
703.5,15880,26348,audio_server.exe,222.4,287
703.5,34040,33052,msedgewebview2.exe,14.2,3
703.5,18344,34040,msedgewebview2.exe,13.5,2.7
703.5,13020,33052,msedgewebview2.exe,103.7,120.8
703.5,34932,33052,msedgewebview2.exe,42,12.7
703.5,25792,33052,msedgewebview2.exe,22.6,8.8
703.5,4360,33052,msedgewebview2.exe,200.8,145.2
708.7,26348,36732,audio-desktop.exe,50.5,14.3
708.7,33052,26348,msedgewebview2.exe,148.2,50.1
708.7,15880,26348,audio_server.exe,222.4,287
708.7,34040,33052,msedgewebview2.exe,14.2,3
708.7,18344,34040,msedgewebview2.exe,13.5,2.7
708.7,13020,33052,msedgewebview2.exe,103.7,120.8
708.7,34932,33052,msedgewebview2.exe,42,12.7
708.7,25792,33052,msedgewebview2.exe,22.6,8.8
708.7,4360,33052,msedgewebview2.exe,200.8,145.2
713.9,26348,36732,audio-desktop.exe,50.5,14.2
713.9,33052,26348,msedgewebview2.exe,148.1,50
713.9,15880,26348,audio_server.exe,222.4,287
713.9,34040,33052,msedgewebview2.exe,14.2,3
713.9,18344,34040,msedgewebview2.exe,13.5,2.7
713.9,13020,33052,msedgewebview2.exe,103.7,120.8
713.9,34932,33052,msedgewebview2.exe,42,12.7
713.9,25792,33052,msedgewebview2.exe,22.6,8.8
713.9,4360,33052,msedgewebview2.exe,200.8,145.2
719.2,26348,36732,audio-desktop.exe,50.5,14.2
719.2,33052,26348,msedgewebview2.exe,148.1,50
719.2,15880,26348,audio_server.exe,222.4,287
719.2,34040,33052,msedgewebview2.exe,14.2,3
719.2,18344,34040,msedgewebview2.exe,13.5,2.7
719.2,13020,33052,msedgewebview2.exe,103.7,120.8
719.2,34932,33052,msedgewebview2.exe,42,12.7
719.2,25792,33052,msedgewebview2.exe,22.6,8.8
719.2,4360,33052,msedgewebview2.exe,200.8,145.2
724.4,26348,36732,audio-desktop.exe,50.5,14.2
724.4,33052,26348,msedgewebview2.exe,148.1,50
724.4,15880,26348,audio_server.exe,222.4,287
724.4,34040,33052,msedgewebview2.exe,14.2,3
724.4,18344,34040,msedgewebview2.exe,13.5,2.7
724.4,13020,33052,msedgewebview2.exe,103.7,120.8
724.4,34932,33052,msedgewebview2.exe,42,12.7
724.4,25792,33052,msedgewebview2.exe,22.6,8.8
724.4,4360,33052,msedgewebview2.exe,200.8,145.2
729.7,26348,36732,audio-desktop.exe,50.5,14.2
729.7,33052,26348,msedgewebview2.exe,148.1,50
729.7,15880,26348,audio_server.exe,222.4,287
729.7,34040,33052,msedgewebview2.exe,14.2,2.9
729.7,18344,34040,msedgewebview2.exe,13.4,2.7
729.7,13020,33052,msedgewebview2.exe,103.7,120.8
729.7,34932,33052,msedgewebview2.exe,42,12.7
729.7,25792,33052,msedgewebview2.exe,22.6,8.8
729.7,4360,33052,msedgewebview2.exe,200.8,145.2
734.9,26348,36732,audio-desktop.exe,50.5,14.3
734.9,33052,26348,msedgewebview2.exe,148.1,50
734.9,15880,26348,audio_server.exe,222.4,287
734.9,34040,33052,msedgewebview2.exe,14.2,3
734.9,18344,34040,msedgewebview2.exe,13.5,2.7
734.9,13020,33052,msedgewebview2.exe,103.7,120.8
734.9,34932,33052,msedgewebview2.exe,42,12.7
734.9,25792,33052,msedgewebview2.exe,22.6,8.8
734.9,4360,33052,msedgewebview2.exe,200.8,145.2
740.2,26348,36732,audio-desktop.exe,50.5,14.3
740.2,33052,26348,msedgewebview2.exe,148.1,50
740.2,15880,26348,audio_server.exe,222.4,287
740.2,34040,33052,msedgewebview2.exe,14.2,3
740.2,18344,34040,msedgewebview2.exe,13.5,2.7
740.2,13020,33052,msedgewebview2.exe,103.7,120.8
740.2,34932,33052,msedgewebview2.exe,42,12.7
740.2,25792,33052,msedgewebview2.exe,22.6,8.8
740.2,4360,33052,msedgewebview2.exe,200.8,145.2
745.4,26348,36732,audio-desktop.exe,50.5,14.3
745.4,33052,26348,msedgewebview2.exe,148.1,50
745.4,15880,26348,audio_server.exe,222.4,287
745.4,34040,33052,msedgewebview2.exe,14.2,3
745.4,18344,34040,msedgewebview2.exe,13.5,2.7
745.4,13020,33052,msedgewebview2.exe,103.7,120.8
745.4,34932,33052,msedgewebview2.exe,42,12.7
745.4,25792,33052,msedgewebview2.exe,22.6,8.8
745.4,4360,33052,msedgewebview2.exe,200.8,145.2
750.6,26348,36732,audio-desktop.exe,50.5,14.3
750.6,33052,26348,msedgewebview2.exe,148.1,50
750.6,15880,26348,audio_server.exe,222.4,287
750.6,34040,33052,msedgewebview2.exe,14.2,3
750.6,18344,34040,msedgewebview2.exe,13.5,2.7
750.6,13020,33052,msedgewebview2.exe,103.7,120.8
750.6,34932,33052,msedgewebview2.exe,42,12.7
750.6,25792,33052,msedgewebview2.exe,22.6,8.8
750.6,4360,33052,msedgewebview2.exe,200.8,145.2
755.9,26348,36732,audio-desktop.exe,50.5,14.3
755.9,33052,26348,msedgewebview2.exe,148.1,50
755.9,15880,26348,audio_server.exe,222.4,287
755.9,34040,33052,msedgewebview2.exe,14.2,3
755.9,18344,34040,msedgewebview2.exe,13.5,2.7
755.9,13020,33052,msedgewebview2.exe,103.7,120.8
755.9,34932,33052,msedgewebview2.exe,42,12.7
755.9,25792,33052,msedgewebview2.exe,22.6,8.8
755.9,4360,33052,msedgewebview2.exe,200.8,145.2
761.1,26348,36732,audio-desktop.exe,50.5,14.3
761.1,33052,26348,msedgewebview2.exe,148.1,50
761.1,15880,26348,audio_server.exe,222.4,287
761.1,34040,33052,msedgewebview2.exe,14.2,3
761.1,18344,34040,msedgewebview2.exe,13.5,2.7
761.1,13020,33052,msedgewebview2.exe,103.7,120.8
761.1,34932,33052,msedgewebview2.exe,42,12.7
761.1,25792,33052,msedgewebview2.exe,22.6,8.8
761.1,4360,33052,msedgewebview2.exe,200.8,145.2
766.3,26348,36732,audio-desktop.exe,50.5,14.3
766.3,33052,26348,msedgewebview2.exe,148.1,50
766.3,15880,26348,audio_server.exe,222.4,287
766.3,34040,33052,msedgewebview2.exe,14.2,3
766.3,18344,34040,msedgewebview2.exe,13.5,2.7
766.3,13020,33052,msedgewebview2.exe,103.7,120.8
766.3,34932,33052,msedgewebview2.exe,42,12.7
766.3,25792,33052,msedgewebview2.exe,22.6,8.8
766.3,4360,33052,msedgewebview2.exe,200.8,145.2
771.6,26348,36732,audio-desktop.exe,50.5,14.3
771.6,33052,26348,msedgewebview2.exe,148.1,50
771.6,15880,26348,audio_server.exe,222.4,287
771.6,34040,33052,msedgewebview2.exe,14.2,3
771.6,18344,34040,msedgewebview2.exe,13.5,2.7
771.6,13020,33052,msedgewebview2.exe,103.7,120.8
771.6,34932,33052,msedgewebview2.exe,42,12.7
771.6,25792,33052,msedgewebview2.exe,22.6,8.8
771.6,4360,33052,msedgewebview2.exe,200.8,145.2
776.8,26348,36732,audio-desktop.exe,50.5,14.3
776.8,33052,26348,msedgewebview2.exe,148.1,50
776.8,15880,26348,audio_server.exe,222.4,287
776.8,34040,33052,msedgewebview2.exe,14.2,3
776.8,18344,34040,msedgewebview2.exe,13.5,2.7
776.8,13020,33052,msedgewebview2.exe,103.7,120.8
776.8,34932,33052,msedgewebview2.exe,42,12.7
776.8,25792,33052,msedgewebview2.exe,22.6,8.8
776.8,4360,33052,msedgewebview2.exe,200.8,145.2
782,26348,36732,audio-desktop.exe,50.5,14.3
782,33052,26348,msedgewebview2.exe,148.1,50
782,15880,26348,audio_server.exe,222.4,287
782,34040,33052,msedgewebview2.exe,14.2,3
782,18344,34040,msedgewebview2.exe,13.5,2.7
782,13020,33052,msedgewebview2.exe,103.7,120.8
782,34932,33052,msedgewebview2.exe,42,12.7
782,25792,33052,msedgewebview2.exe,22.6,8.8
782,4360,33052,msedgewebview2.exe,200.8,145.2
787.3,26348,36732,audio-desktop.exe,50.5,14.3
787.3,33052,26348,msedgewebview2.exe,148.1,50
787.3,15880,26348,audio_server.exe,222.4,287
787.3,34040,33052,msedgewebview2.exe,14.2,3
787.3,18344,34040,msedgewebview2.exe,13.5,2.7
787.3,13020,33052,msedgewebview2.exe,103.7,120.8
787.3,34932,33052,msedgewebview2.exe,42,12.7
787.3,25792,33052,msedgewebview2.exe,22.6,8.8
787.3,4360,33052,msedgewebview2.exe,200.8,145.2
792.5,26348,36732,audio-desktop.exe,50.5,14.3
792.5,33052,26348,msedgewebview2.exe,148.1,50
792.5,15880,26348,audio_server.exe,222.4,287
792.5,34040,33052,msedgewebview2.exe,14.2,3
792.5,18344,34040,msedgewebview2.exe,13.5,2.7
792.5,13020,33052,msedgewebview2.exe,103.7,120.8
792.5,34932,33052,msedgewebview2.exe,42,12.7
792.5,25792,33052,msedgewebview2.exe,22.6,8.8
792.5,4360,33052,msedgewebview2.exe,200.8,145.2
797.7,26348,36732,audio-desktop.exe,50.5,14.3
797.7,33052,26348,msedgewebview2.exe,148.1,50
797.7,15880,26348,audio_server.exe,222.4,287
797.7,34040,33052,msedgewebview2.exe,14.2,3
797.7,18344,34040,msedgewebview2.exe,13.5,2.7
797.7,13020,33052,msedgewebview2.exe,103.7,120.8
797.7,34932,33052,msedgewebview2.exe,42,12.7
797.7,25792,33052,msedgewebview2.exe,22.6,8.8
797.7,4360,33052,msedgewebview2.exe,200.6,145.2
803,26348,36732,audio-desktop.exe,50.5,14.3
803,33052,26348,msedgewebview2.exe,148.1,50
803,15880,26348,audio_server.exe,222.4,287
803,34040,33052,msedgewebview2.exe,14.2,3
803,18344,34040,msedgewebview2.exe,13.5,2.7
803,13020,33052,msedgewebview2.exe,103.7,120.8
803,34932,33052,msedgewebview2.exe,42,12.7
803,25792,33052,msedgewebview2.exe,22.6,8.8
803,4360,33052,msedgewebview2.exe,200.6,145.2
808.2,26348,36732,audio-desktop.exe,50.5,14.3
808.2,33052,26348,msedgewebview2.exe,148.1,50
808.2,15880,26348,audio_server.exe,222.4,287
808.2,34040,33052,msedgewebview2.exe,14.2,3
808.2,18344,34040,msedgewebview2.exe,13.5,2.7
808.2,13020,33052,msedgewebview2.exe,103.7,120.8
808.2,34932,33052,msedgewebview2.exe,42,12.7
808.2,25792,33052,msedgewebview2.exe,22.6,8.8
808.2,4360,33052,msedgewebview2.exe,200.6,145.2
813.5,26348,36732,audio-desktop.exe,50.5,14.3
813.5,33052,26348,msedgewebview2.exe,148.1,50
813.5,15880,26348,audio_server.exe,222.4,287
813.5,34040,33052,msedgewebview2.exe,14.2,3
813.5,18344,34040,msedgewebview2.exe,13.5,2.7
813.5,13020,33052,msedgewebview2.exe,103.7,120.8
813.5,34932,33052,msedgewebview2.exe,42,12.7
813.5,25792,33052,msedgewebview2.exe,22.6,8.8
813.5,4360,33052,msedgewebview2.exe,200.6,145.2
818.7,26348,36732,audio-desktop.exe,50.5,14.3
818.7,33052,26348,msedgewebview2.exe,148.1,50
818.7,15880,26348,audio_server.exe,222.4,287
818.7,34040,33052,msedgewebview2.exe,14.2,3
818.7,18344,34040,msedgewebview2.exe,13.5,2.7
818.7,13020,33052,msedgewebview2.exe,103.7,120.8
818.7,34932,33052,msedgewebview2.exe,42,12.7
818.7,25792,33052,msedgewebview2.exe,22.6,8.8
818.7,4360,33052,msedgewebview2.exe,200.6,145.2
823.9,26348,36732,audio-desktop.exe,50.5,14.3
823.9,33052,26348,msedgewebview2.exe,148.1,50
823.9,15880,26348,audio_server.exe,222.4,287
823.9,34040,33052,msedgewebview2.exe,14.2,3
823.9,18344,34040,msedgewebview2.exe,13.5,2.7
823.9,13020,33052,msedgewebview2.exe,103.7,120.8
823.9,34932,33052,msedgewebview2.exe,42,12.7
823.9,25792,33052,msedgewebview2.exe,22.6,8.8
823.9,4360,33052,msedgewebview2.exe,200.6,145.2
829.1,26348,36732,audio-desktop.exe,50.5,14.3
829.1,33052,26348,msedgewebview2.exe,148.1,50
829.1,15880,26348,audio_server.exe,222.4,287
829.1,34040,33052,msedgewebview2.exe,14.2,3
829.1,18344,34040,msedgewebview2.exe,13.5,2.7
829.1,13020,33052,msedgewebview2.exe,103.7,120.8
829.1,34932,33052,msedgewebview2.exe,42,12.7
829.1,25792,33052,msedgewebview2.exe,22.6,8.8
829.1,4360,33052,msedgewebview2.exe,200.6,145.2
834.4,26348,36732,audio-desktop.exe,50.5,14.3
834.4,33052,26348,msedgewebview2.exe,148.1,50
834.4,15880,26348,audio_server.exe,222.4,287
834.4,34040,33052,msedgewebview2.exe,14.2,3
834.4,18344,34040,msedgewebview2.exe,13.5,2.7
834.4,13020,33052,msedgewebview2.exe,103.7,120.8
834.4,34932,33052,msedgewebview2.exe,42,12.7
834.4,25792,33052,msedgewebview2.exe,22.6,8.8
834.4,4360,33052,msedgewebview2.exe,200.6,145.2
839.6,26348,36732,audio-desktop.exe,50.5,14.3
839.6,33052,26348,msedgewebview2.exe,148.1,50
839.6,15880,26348,audio_server.exe,222.4,287
839.6,34040,33052,msedgewebview2.exe,14.2,3
839.6,18344,34040,msedgewebview2.exe,13.5,2.7
839.6,13020,33052,msedgewebview2.exe,103.7,120.8
839.6,34932,33052,msedgewebview2.exe,42,12.7
839.6,25792,33052,msedgewebview2.exe,22.6,8.8
839.6,4360,33052,msedgewebview2.exe,200.6,145.2
844.8,26348,36732,audio-desktop.exe,50.5,14.3
844.8,33052,26348,msedgewebview2.exe,148.1,50
844.8,15880,26348,audio_server.exe,222.4,287
844.8,34040,33052,msedgewebview2.exe,14.2,3
844.8,18344,34040,msedgewebview2.exe,13.5,2.7
844.8,13020,33052,msedgewebview2.exe,103.7,120.8
844.8,34932,33052,msedgewebview2.exe,42,12.7
844.8,25792,33052,msedgewebview2.exe,22.6,8.8
844.8,4360,33052,msedgewebview2.exe,200.6,145.2
850.1,26348,36732,audio-desktop.exe,50.5,14.2
850.1,33052,26348,msedgewebview2.exe,148.1,50
850.1,15880,26348,audio_server.exe,222.4,287
850.1,34040,33052,msedgewebview2.exe,14.2,3
850.1,18344,34040,msedgewebview2.exe,13.5,2.7
850.1,13020,33052,msedgewebview2.exe,103.7,120.8
850.1,34932,33052,msedgewebview2.exe,42,12.7
850.1,25792,33052,msedgewebview2.exe,22.6,8.8
850.1,4360,33052,msedgewebview2.exe,200.6,145.2
855.3,26348,36732,audio-desktop.exe,50.5,14.2
855.3,33052,26348,msedgewebview2.exe,148.1,50
855.3,15880,26348,audio_server.exe,222.4,287
855.3,34040,33052,msedgewebview2.exe,14.2,3
855.3,18344,34040,msedgewebview2.exe,13.5,2.7
855.3,13020,33052,msedgewebview2.exe,103.7,120.8
855.3,34932,33052,msedgewebview2.exe,42,12.7
855.3,25792,33052,msedgewebview2.exe,22.6,8.8
855.3,4360,33052,msedgewebview2.exe,200.6,145.2
860.6,26348,36732,audio-desktop.exe,50.5,14.2
860.6,33052,26348,msedgewebview2.exe,148.1,50
860.6,15880,26348,audio_server.exe,222.4,287
860.6,34040,33052,msedgewebview2.exe,14.2,3
860.6,18344,34040,msedgewebview2.exe,13.5,2.7
860.6,13020,33052,msedgewebview2.exe,103.7,120.8
860.6,34932,33052,msedgewebview2.exe,42,12.7
860.6,25792,33052,msedgewebview2.exe,22.6,8.8
860.6,4360,33052,msedgewebview2.exe,200.6,145.2
865.9,26348,36732,audio-desktop.exe,50.5,14.2
865.9,33052,26348,msedgewebview2.exe,148.1,50
865.9,15880,26348,audio_server.exe,222.4,287
865.9,34040,33052,msedgewebview2.exe,14.2,3
865.9,18344,34040,msedgewebview2.exe,13.5,2.7
865.9,13020,33052,msedgewebview2.exe,103.7,120.8
865.9,34932,33052,msedgewebview2.exe,42,12.7
865.9,25792,33052,msedgewebview2.exe,22.6,8.8
865.9,4360,33052,msedgewebview2.exe,200.6,145.2
871.1,26348,36732,audio-desktop.exe,50.5,14.2
871.1,33052,26348,msedgewebview2.exe,148.1,50
871.1,15880,26348,audio_server.exe,222.4,287
871.1,34040,33052,msedgewebview2.exe,14.2,3
871.1,18344,34040,msedgewebview2.exe,13.5,2.7
871.1,13020,33052,msedgewebview2.exe,103.7,120.8
871.1,34932,33052,msedgewebview2.exe,42,12.7
871.1,25792,33052,msedgewebview2.exe,22.6,8.8
871.1,4360,33052,msedgewebview2.exe,200.6,145.2
876.4,26348,36732,audio-desktop.exe,50.5,14.2
876.4,33052,26348,msedgewebview2.exe,148.1,50
876.4,15880,26348,audio_server.exe,222.4,287
876.4,34040,33052,msedgewebview2.exe,14.2,3
876.4,18344,34040,msedgewebview2.exe,13.5,2.7
876.4,13020,33052,msedgewebview2.exe,103.7,120.8
876.4,34932,33052,msedgewebview2.exe,42,12.7
876.4,25792,33052,msedgewebview2.exe,22.6,8.8
876.4,4360,33052,msedgewebview2.exe,200.6,145.2
881.6,26348,36732,audio-desktop.exe,50.5,14.2
881.6,33052,26348,msedgewebview2.exe,148.1,50
881.6,15880,26348,audio_server.exe,222.4,287
881.6,34040,33052,msedgewebview2.exe,14.2,3
881.6,18344,34040,msedgewebview2.exe,13.5,2.7
881.6,13020,33052,msedgewebview2.exe,103.7,120.8
881.6,34932,33052,msedgewebview2.exe,42,12.7
881.6,25792,33052,msedgewebview2.exe,22.6,8.8
881.6,4360,33052,msedgewebview2.exe,200.6,145.2
886.8,26348,36732,audio-desktop.exe,50.5,14.2
886.8,33052,26348,msedgewebview2.exe,148.1,50
886.8,15880,26348,audio_server.exe,222.4,287
886.8,34040,33052,msedgewebview2.exe,14.2,3
886.8,18344,34040,msedgewebview2.exe,13.5,2.7
886.8,13020,33052,msedgewebview2.exe,103.7,120.8
886.8,34932,33052,msedgewebview2.exe,42,12.7
886.8,25792,33052,msedgewebview2.exe,22.6,8.8
886.8,4360,33052,msedgewebview2.exe,200.6,145.2
892.1,26348,36732,audio-desktop.exe,50.5,14.2
892.1,33052,26348,msedgewebview2.exe,148.1,50
892.1,15880,26348,audio_server.exe,222.4,287
892.1,34040,33052,msedgewebview2.exe,14.2,3
892.1,18344,34040,msedgewebview2.exe,13.5,2.7
892.1,13020,33052,msedgewebview2.exe,103.7,120.8
892.1,34932,33052,msedgewebview2.exe,42,12.7
892.1,25792,33052,msedgewebview2.exe,22.6,8.8
892.1,4360,33052,msedgewebview2.exe,200.6,145.2
897.3,26348,36732,audio-desktop.exe,50.5,14.2
897.3,33052,26348,msedgewebview2.exe,148.1,50
897.3,15880,26348,audio_server.exe,222.4,287
897.3,34040,33052,msedgewebview2.exe,14.2,3
897.3,18344,34040,msedgewebview2.exe,13.5,2.7
897.3,13020,33052,msedgewebview2.exe,103.7,120.8
897.3,34932,33052,msedgewebview2.exe,42,12.7
897.3,25792,33052,msedgewebview2.exe,22.6,8.8
897.3,4360,33052,msedgewebview2.exe,200.6,145.2
902.6,26348,36732,audio-desktop.exe,50.5,14.2
902.6,33052,26348,msedgewebview2.exe,148.1,50
902.6,15880,26348,audio_server.exe,222.4,287
902.6,34040,33052,msedgewebview2.exe,14.2,3
902.6,18344,34040,msedgewebview2.exe,13.5,2.7
902.6,13020,33052,msedgewebview2.exe,103.7,120.8
902.6,34932,33052,msedgewebview2.exe,42,12.7
902.6,25792,33052,msedgewebview2.exe,22.6,8.8
902.6,4360,33052,msedgewebview2.exe,200.6,145.2
907.8,26348,36732,audio-desktop.exe,50.5,14.2
907.8,33052,26348,msedgewebview2.exe,148.1,50
907.8,15880,26348,audio_server.exe,222.4,287
907.8,34040,33052,msedgewebview2.exe,14.2,3
907.8,18344,34040,msedgewebview2.exe,13.5,2.7
907.8,13020,33052,msedgewebview2.exe,103.7,120.8
907.8,34932,33052,msedgewebview2.exe,42,12.7
907.8,25792,33052,msedgewebview2.exe,22.6,8.8
907.8,4360,33052,msedgewebview2.exe,200.6,145.2
913.1,26348,36732,audio-desktop.exe,50.5,14.3
913.1,33052,26348,msedgewebview2.exe,148.1,50
913.1,15880,26348,audio_server.exe,222.4,287
913.1,34040,33052,msedgewebview2.exe,14.2,3
913.1,18344,34040,msedgewebview2.exe,13.5,2.7
913.1,13020,33052,msedgewebview2.exe,103.7,120.8
913.1,34932,33052,msedgewebview2.exe,42,12.7
913.1,25792,33052,msedgewebview2.exe,22.6,8.8
913.1,4360,33052,msedgewebview2.exe,200.6,145.2
918.3,26348,36732,audio-desktop.exe,50.5,14.3
918.3,33052,26348,msedgewebview2.exe,148.1,50
918.3,15880,26348,audio_server.exe,222.4,287
918.3,34040,33052,msedgewebview2.exe,14.2,3
918.3,18344,34040,msedgewebview2.exe,13.5,2.7
918.3,13020,33052,msedgewebview2.exe,103.7,120.8
918.3,34932,33052,msedgewebview2.exe,42,12.7
918.3,25792,33052,msedgewebview2.exe,22.6,8.8
918.3,4360,33052,msedgewebview2.exe,200.6,145.2
923.6,26348,36732,audio-desktop.exe,50.5,14.3
923.6,33052,26348,msedgewebview2.exe,148.1,50
923.6,15880,26348,audio_server.exe,222.4,287
923.6,34040,33052,msedgewebview2.exe,14.2,3
923.6,18344,34040,msedgewebview2.exe,13.5,2.7
923.6,13020,33052,msedgewebview2.exe,103.7,120.8
923.6,34932,33052,msedgewebview2.exe,42,12.7
923.6,25792,33052,msedgewebview2.exe,22.6,8.8
923.6,4360,33052,msedgewebview2.exe,200.6,145.2
928.8,26348,36732,audio-desktop.exe,50.5,14.3
928.8,33052,26348,msedgewebview2.exe,148.1,50
928.8,15880,26348,audio_server.exe,222.4,287
928.8,34040,33052,msedgewebview2.exe,14.2,3
928.8,18344,34040,msedgewebview2.exe,13.5,2.7
928.8,13020,33052,msedgewebview2.exe,103.7,120.8
928.8,34932,33052,msedgewebview2.exe,42,12.7
928.8,25792,33052,msedgewebview2.exe,22.6,8.8
928.8,4360,33052,msedgewebview2.exe,200.6,145.2
934.1,26348,36732,audio-desktop.exe,50.5,14.3
934.1,33052,26348,msedgewebview2.exe,148.1,50
934.1,15880,26348,audio_server.exe,222.4,287
934.1,34040,33052,msedgewebview2.exe,14.2,3
934.1,18344,34040,msedgewebview2.exe,13.5,2.7
934.1,13020,33052,msedgewebview2.exe,103.7,120.8
934.1,34932,33052,msedgewebview2.exe,42,12.7
934.1,25792,33052,msedgewebview2.exe,22.6,8.8
934.1,4360,33052,msedgewebview2.exe,200.6,145.2
939.3,26348,36732,audio-desktop.exe,50.5,14.3
939.3,33052,26348,msedgewebview2.exe,148.1,50
939.3,15880,26348,audio_server.exe,222.4,287
939.3,34040,33052,msedgewebview2.exe,14.2,3
939.3,18344,34040,msedgewebview2.exe,13.5,2.7
939.3,13020,33052,msedgewebview2.exe,103.6,120.8
939.3,34932,33052,msedgewebview2.exe,42,12.7
939.3,25792,33052,msedgewebview2.exe,22.6,8.8
939.3,4360,33052,msedgewebview2.exe,200.6,145.2
944.5,26348,36732,audio-desktop.exe,50.5,14.3
944.5,33052,26348,msedgewebview2.exe,148.1,50
944.5,15880,26348,audio_server.exe,222.4,287
944.5,34040,33052,msedgewebview2.exe,14.2,3
944.5,18344,34040,msedgewebview2.exe,13.5,2.7
944.5,13020,33052,msedgewebview2.exe,103.7,120.8
944.5,34932,33052,msedgewebview2.exe,42,12.7
944.5,25792,33052,msedgewebview2.exe,22.6,8.8
944.5,4360,33052,msedgewebview2.exe,200.6,145.2
949.8,26348,36732,audio-desktop.exe,50.5,14.3
949.8,33052,26348,msedgewebview2.exe,148.1,50
949.8,15880,26348,audio_server.exe,222.4,287
949.8,34040,33052,msedgewebview2.exe,14.2,3
949.8,18344,34040,msedgewebview2.exe,13.5,2.7
949.8,13020,33052,msedgewebview2.exe,103.7,120.8
949.8,34932,33052,msedgewebview2.exe,42,12.7
949.8,25792,33052,msedgewebview2.exe,22.6,8.8
949.8,4360,33052,msedgewebview2.exe,200.6,145.2
955.1,26348,36732,audio-desktop.exe,50.5,14.3
955.1,33052,26348,msedgewebview2.exe,148.1,50
955.1,15880,26348,audio_server.exe,222.4,287
955.1,34040,33052,msedgewebview2.exe,14.2,3
955.1,18344,34040,msedgewebview2.exe,13.5,2.7
955.1,13020,33052,msedgewebview2.exe,103.7,120.8
955.1,34932,33052,msedgewebview2.exe,42,12.7
955.1,25792,33052,msedgewebview2.exe,22.6,8.8
955.1,4360,33052,msedgewebview2.exe,200.6,145.2
960.3,26348,36732,audio-desktop.exe,50.5,14.3
960.3,33052,26348,msedgewebview2.exe,148.1,50
960.3,15880,26348,audio_server.exe,222.4,287
960.3,34040,33052,msedgewebview2.exe,14.2,3
960.3,18344,34040,msedgewebview2.exe,13.5,2.7
960.3,13020,33052,msedgewebview2.exe,103.7,120.8
960.3,34932,33052,msedgewebview2.exe,42,12.7
960.3,25792,33052,msedgewebview2.exe,22.6,8.8
960.3,4360,33052,msedgewebview2.exe,200.6,145.2
965.6,26348,36732,audio-desktop.exe,50.5,14.3
965.6,33052,26348,msedgewebview2.exe,148.1,50
965.6,15880,26348,audio_server.exe,222.4,287
965.6,34040,33052,msedgewebview2.exe,14.2,3
965.6,18344,34040,msedgewebview2.exe,13.5,2.7
965.6,13020,33052,msedgewebview2.exe,103.7,120.8
965.6,34932,33052,msedgewebview2.exe,42,12.7
965.6,25792,33052,msedgewebview2.exe,22.6,8.8
965.6,4360,33052,msedgewebview2.exe,200.6,145.2
970.8,26348,36732,audio-desktop.exe,50.5,14.3
970.8,33052,26348,msedgewebview2.exe,148.1,50
970.8,15880,26348,audio_server.exe,222.4,287
970.8,34040,33052,msedgewebview2.exe,14.2,3
970.8,18344,34040,msedgewebview2.exe,13.5,2.7
970.8,13020,33052,msedgewebview2.exe,103.7,120.8
970.8,34932,33052,msedgewebview2.exe,42,12.7
970.8,25792,33052,msedgewebview2.exe,22.6,8.8
970.8,4360,33052,msedgewebview2.exe,200.6,145.2
976.1,26348,36732,audio-desktop.exe,50.5,14.3
976.1,33052,26348,msedgewebview2.exe,148.1,50
976.1,15880,26348,audio_server.exe,222.4,287
976.1,34040,33052,msedgewebview2.exe,14.2,3
976.1,18344,34040,msedgewebview2.exe,13.5,2.7
976.1,13020,33052,msedgewebview2.exe,103.7,120.8
976.1,34932,33052,msedgewebview2.exe,42,12.7
976.1,25792,33052,msedgewebview2.exe,22.6,8.8
976.1,4360,33052,msedgewebview2.exe,200.6,145.2
981.3,26348,36732,audio-desktop.exe,50.5,14.3
981.3,33052,26348,msedgewebview2.exe,148.1,50
981.3,15880,26348,audio_server.exe,222.4,287
981.3,34040,33052,msedgewebview2.exe,14.2,3
981.3,18344,34040,msedgewebview2.exe,13.5,2.7
981.3,13020,33052,msedgewebview2.exe,103.7,120.8
981.3,34932,33052,msedgewebview2.exe,42,12.7
981.3,25792,33052,msedgewebview2.exe,22.6,8.8
981.3,4360,33052,msedgewebview2.exe,200.6,145.2
986.6,26348,36732,audio-desktop.exe,50.5,14.3
986.6,33052,26348,msedgewebview2.exe,148.1,50
986.6,15880,26348,audio_server.exe,222.4,287
986.6,34040,33052,msedgewebview2.exe,14.2,3
986.6,18344,34040,msedgewebview2.exe,13.5,2.7
986.6,13020,33052,msedgewebview2.exe,103.7,120.8
986.6,34932,33052,msedgewebview2.exe,42,12.7
986.6,25792,33052,msedgewebview2.exe,22.6,8.8
986.6,4360,33052,msedgewebview2.exe,200.6,145.2
991.8,26348,36732,audio-desktop.exe,50.5,14.3
991.8,33052,26348,msedgewebview2.exe,148.1,50
991.8,15880,26348,audio_server.exe,222.4,287
991.8,34040,33052,msedgewebview2.exe,14.2,3
991.8,18344,34040,msedgewebview2.exe,13.5,2.7
991.8,13020,33052,msedgewebview2.exe,103.7,120.8
991.8,34932,33052,msedgewebview2.exe,42,12.7
991.8,25792,33052,msedgewebview2.exe,22.6,8.8
991.8,4360,33052,msedgewebview2.exe,200.6,145.2
997.1,26348,36732,audio-desktop.exe,50.5,14.3
997.1,33052,26348,msedgewebview2.exe,148.1,50
997.1,15880,26348,audio_server.exe,222.4,287
997.1,34040,33052,msedgewebview2.exe,14.2,3
997.1,18344,34040,msedgewebview2.exe,13.5,2.7
997.1,13020,33052,msedgewebview2.exe,103.7,120.8
997.1,34932,33052,msedgewebview2.exe,42,12.7
997.1,25792,33052,msedgewebview2.exe,22.6,8.8
997.1,4360,33052,msedgewebview2.exe,200.6,145.2
1002.3,26348,36732,audio-desktop.exe,50.5,14.3
1002.3,33052,26348,msedgewebview2.exe,148.1,50
1002.3,15880,26348,audio_server.exe,222.4,287
1002.3,34040,33052,msedgewebview2.exe,14.2,3
1002.3,18344,34040,msedgewebview2.exe,13.5,2.7
1002.3,13020,33052,msedgewebview2.exe,103.7,120.8
1002.3,34932,33052,msedgewebview2.exe,42,12.7
1002.3,25792,33052,msedgewebview2.exe,22.6,8.8
1002.3,4360,33052,msedgewebview2.exe,200.6,145.2
1007.5,26348,36732,audio-desktop.exe,50.5,14.3
1007.5,33052,26348,msedgewebview2.exe,148.1,50
1007.5,15880,26348,audio_server.exe,222.4,287
1007.5,34040,33052,msedgewebview2.exe,14.2,3
1007.5,18344,34040,msedgewebview2.exe,13.5,2.7
1007.5,13020,33052,msedgewebview2.exe,103.7,120.8
1007.5,34932,33052,msedgewebview2.exe,42,12.7
1007.5,25792,33052,msedgewebview2.exe,22.6,8.8
1007.5,4360,33052,msedgewebview2.exe,200.6,145.2
1012.8,26348,36732,audio-desktop.exe,50.5,14.3
1012.8,33052,26348,msedgewebview2.exe,148.1,50
1012.8,15880,26348,audio_server.exe,222.4,287
1012.8,34040,33052,msedgewebview2.exe,14.2,3
1012.8,18344,34040,msedgewebview2.exe,13.5,2.7
1012.8,13020,33052,msedgewebview2.exe,103.7,120.8
1012.8,34932,33052,msedgewebview2.exe,42,12.7
1012.8,25792,33052,msedgewebview2.exe,22.6,8.8
1012.8,4360,33052,msedgewebview2.exe,200.6,145.2
1018.1,26348,36732,audio-desktop.exe,50.5,14.3
1018.1,33052,26348,msedgewebview2.exe,148.1,50
1018.1,15880,26348,audio_server.exe,222.4,287
1018.1,34040,33052,msedgewebview2.exe,14.2,3
1018.1,18344,34040,msedgewebview2.exe,13.5,2.7
1018.1,13020,33052,msedgewebview2.exe,103.7,120.8
1018.1,34932,33052,msedgewebview2.exe,42,12.7
1018.1,25792,33052,msedgewebview2.exe,22.6,8.8
1018.1,4360,33052,msedgewebview2.exe,200.6,145.2
1023.3,26348,36732,audio-desktop.exe,50.5,14.3
1023.3,33052,26348,msedgewebview2.exe,148.1,50
1023.3,15880,26348,audio_server.exe,222.4,287
1023.3,34040,33052,msedgewebview2.exe,14.2,3
1023.3,18344,34040,msedgewebview2.exe,13.5,2.7
1023.3,13020,33052,msedgewebview2.exe,103.7,120.8
1023.3,34932,33052,msedgewebview2.exe,42,12.7
1023.3,25792,33052,msedgewebview2.exe,22.6,8.8
1023.3,4360,33052,msedgewebview2.exe,200.6,145.2
1028.5,26348,36732,audio-desktop.exe,50.5,14.3
1028.5,33052,26348,msedgewebview2.exe,148.1,50
1028.5,15880,26348,audio_server.exe,222.4,287
1028.5,34040,33052,msedgewebview2.exe,14.2,3
1028.5,18344,34040,msedgewebview2.exe,13.5,2.7
1028.5,13020,33052,msedgewebview2.exe,103.7,120.8
1028.5,34932,33052,msedgewebview2.exe,42,12.7
1028.5,25792,33052,msedgewebview2.exe,22.6,8.8
1028.5,4360,33052,msedgewebview2.exe,200.6,145.2
1033.8,26348,36732,audio-desktop.exe,50.5,14.3
1033.8,33052,26348,msedgewebview2.exe,148.1,50
1033.8,15880,26348,audio_server.exe,222.4,287
1033.8,34040,33052,msedgewebview2.exe,14.2,3
1033.8,18344,34040,msedgewebview2.exe,13.5,2.8
1033.8,13020,33052,msedgewebview2.exe,103.7,120.8
1033.8,34932,33052,msedgewebview2.exe,42,12.7
1033.8,25792,33052,msedgewebview2.exe,22.6,8.8
1033.8,4360,33052,msedgewebview2.exe,200.6,145.2
1039,26348,36732,audio-desktop.exe,50.5,14.3
1039,33052,26348,msedgewebview2.exe,148.1,50
1039,15880,26348,audio_server.exe,222.4,287
1039,34040,33052,msedgewebview2.exe,14.2,3
1039,18344,34040,msedgewebview2.exe,13.5,2.8
1039,13020,33052,msedgewebview2.exe,103.7,120.8
1039,34932,33052,msedgewebview2.exe,42,12.7
1039,25792,33052,msedgewebview2.exe,22.6,8.8
1039,4360,33052,msedgewebview2.exe,200.6,145.2
1044.3,26348,36732,audio-desktop.exe,50.5,14.3
1044.3,33052,26348,msedgewebview2.exe,148.3,50.3
1044.3,15880,26348,audio_server.exe,222.4,287
1044.3,34040,33052,msedgewebview2.exe,14.2,3
1044.3,18344,34040,msedgewebview2.exe,13.5,2.8
1044.3,13020,33052,msedgewebview2.exe,103.7,120.8
1044.3,34932,33052,msedgewebview2.exe,42,12.7
1044.3,25792,33052,msedgewebview2.exe,22.6,8.8
1044.3,4360,33052,msedgewebview2.exe,200.7,145.2
1049.5,26348,36732,audio-desktop.exe,50.5,14.2
1049.5,33052,26348,msedgewebview2.exe,148.3,50.3
1049.5,15880,26348,audio_server.exe,222.4,287
1049.5,34040,33052,msedgewebview2.exe,14.2,3
1049.5,18344,34040,msedgewebview2.exe,13.5,2.8
1049.5,13020,33052,msedgewebview2.exe,103.7,120.8
1049.5,34932,33052,msedgewebview2.exe,42,12.7
1049.5,25792,33052,msedgewebview2.exe,22.6,8.8
1049.5,4360,33052,msedgewebview2.exe,200.7,145.2
1054.8,26348,36732,audio-desktop.exe,50.5,14.2
1054.8,33052,26348,msedgewebview2.exe,148.3,50.3
1054.8,15880,26348,audio_server.exe,222.4,287
1054.8,34040,33052,msedgewebview2.exe,14.2,3
1054.8,18344,34040,msedgewebview2.exe,13.5,2.8
1054.8,13020,33052,msedgewebview2.exe,103.7,120.8
1054.8,34932,33052,msedgewebview2.exe,42,12.7
1054.8,25792,33052,msedgewebview2.exe,22.6,8.8
1054.8,4360,33052,msedgewebview2.exe,200.7,145.2
1060,26348,36732,audio-desktop.exe,50.5,14.2
1060,33052,26348,msedgewebview2.exe,148.3,50.3
1060,15880,26348,audio_server.exe,222.4,287
1060,34040,33052,msedgewebview2.exe,14.2,3
1060,18344,34040,msedgewebview2.exe,13.5,2.8
1060,13020,33052,msedgewebview2.exe,103.6,120.8
1060,34932,33052,msedgewebview2.exe,42,12.7
1060,25792,33052,msedgewebview2.exe,22.6,8.8
1060,4360,33052,msedgewebview2.exe,200.7,145.2
1065.3,26348,36732,audio-desktop.exe,50.5,14.2
1065.3,33052,26348,msedgewebview2.exe,148.3,50.3
1065.3,15880,26348,audio_server.exe,222.4,287
1065.3,34040,33052,msedgewebview2.exe,14.2,3
1065.3,18344,34040,msedgewebview2.exe,13.5,2.8
1065.3,13020,33052,msedgewebview2.exe,103.7,120.8
1065.3,34932,33052,msedgewebview2.exe,42,12.7
1065.3,25792,33052,msedgewebview2.exe,22.6,8.8
1065.3,4360,33052,msedgewebview2.exe,200.7,145.2
1070.5,26348,36732,audio-desktop.exe,50.5,14.2
1070.5,33052,26348,msedgewebview2.exe,148.3,50.3
1070.5,15880,26348,audio_server.exe,222.4,287
1070.5,34040,33052,msedgewebview2.exe,14.2,3
1070.5,18344,34040,msedgewebview2.exe,13.5,2.8
1070.5,13020,33052,msedgewebview2.exe,103.7,120.8
1070.5,34932,33052,msedgewebview2.exe,42,12.7
1070.5,25792,33052,msedgewebview2.exe,22.6,8.8
1070.5,4360,33052,msedgewebview2.exe,200.7,145.2
1075.8,26348,36732,audio-desktop.exe,50.5,14.2
1075.8,33052,26348,msedgewebview2.exe,148.3,50.3
1075.8,15880,26348,audio_server.exe,222.4,287
1075.8,34040,33052,msedgewebview2.exe,14.2,3
1075.8,18344,34040,msedgewebview2.exe,13.5,2.8
1075.8,13020,33052,msedgewebview2.exe,103.7,120.8
1075.8,34932,33052,msedgewebview2.exe,42,12.7
1075.8,25792,33052,msedgewebview2.exe,22.6,8.8
1075.8,4360,33052,msedgewebview2.exe,200.7,145.2
1081,26348,36732,audio-desktop.exe,50.5,14.2
1081,33052,26348,msedgewebview2.exe,148.3,50.3
1081,15880,26348,audio_server.exe,222.4,287
1081,34040,33052,msedgewebview2.exe,14.2,3
1081,18344,34040,msedgewebview2.exe,13.5,2.8
1081,13020,33052,msedgewebview2.exe,103.7,120.8
1081,34932,33052,msedgewebview2.exe,42,12.7
1081,25792,33052,msedgewebview2.exe,22.6,8.8
1081,4360,33052,msedgewebview2.exe,200.7,145.2
1086.2,26348,36732,audio-desktop.exe,50.5,14.2
1086.2,33052,26348,msedgewebview2.exe,148.3,50.3
1086.2,15880,26348,audio_server.exe,222.4,287
1086.2,34040,33052,msedgewebview2.exe,14.2,3
1086.2,18344,34040,msedgewebview2.exe,13.5,2.8
1086.2,13020,33052,msedgewebview2.exe,103.7,120.8
1086.2,34932,33052,msedgewebview2.exe,42,12.7
1086.2,25792,33052,msedgewebview2.exe,22.6,8.8
1086.2,4360,33052,msedgewebview2.exe,200.7,145.2
1091.5,26348,36732,audio-desktop.exe,50.5,14.3
1091.5,33052,26348,msedgewebview2.exe,148.1,50
1091.5,15880,26348,audio_server.exe,222.4,287
1091.5,34040,33052,msedgewebview2.exe,14.2,3
1091.5,18344,34040,msedgewebview2.exe,13.5,2.7
1091.5,13020,33052,msedgewebview2.exe,103.7,120.8
1091.5,34932,33052,msedgewebview2.exe,42,12.7
1091.5,25792,33052,msedgewebview2.exe,22.6,8.8
1091.5,4360,33052,msedgewebview2.exe,200.7,145.2
1096.8,26348,36732,audio-desktop.exe,50.5,14.3
1096.8,33052,26348,msedgewebview2.exe,148.1,50
1096.8,15880,26348,audio_server.exe,222.4,287
1096.8,34040,33052,msedgewebview2.exe,14.2,3
1096.8,18344,34040,msedgewebview2.exe,13.5,2.7
1096.8,13020,33052,msedgewebview2.exe,103.7,120.8
1096.8,34932,33052,msedgewebview2.exe,42,12.7
1096.8,25792,33052,msedgewebview2.exe,22.6,8.8
1096.8,4360,33052,msedgewebview2.exe,200.7,145.2
1102,26348,36732,audio-desktop.exe,50.5,14.3
1102,33052,26348,msedgewebview2.exe,148.1,50
1102,15880,26348,audio_server.exe,222.4,287
1102,34040,33052,msedgewebview2.exe,14.2,3
1102,18344,34040,msedgewebview2.exe,13.5,2.7
1102,13020,33052,msedgewebview2.exe,103.7,120.8
1102,34932,33052,msedgewebview2.exe,42,12.7
1102,25792,33052,msedgewebview2.exe,22.6,8.8
1102,4360,33052,msedgewebview2.exe,200.7,145.2
1107.2,26348,36732,audio-desktop.exe,50.5,14.3
1107.2,33052,26348,msedgewebview2.exe,148.1,50
1107.2,15880,26348,audio_server.exe,222.4,287
1107.2,34040,33052,msedgewebview2.exe,14.2,3
1107.2,18344,34040,msedgewebview2.exe,13.5,2.7
1107.2,13020,33052,msedgewebview2.exe,103.7,120.8
1107.2,34932,33052,msedgewebview2.exe,42,12.7
1107.2,25792,33052,msedgewebview2.exe,22.6,8.8
1107.2,4360,33052,msedgewebview2.exe,200.7,145.2
1112.4,26348,36732,audio-desktop.exe,50.5,14.3
1112.4,33052,26348,msedgewebview2.exe,148.1,50
1112.4,15880,26348,audio_server.exe,222.4,287
1112.4,34040,33052,msedgewebview2.exe,14.2,3
1112.4,18344,34040,msedgewebview2.exe,13.5,2.7
1112.4,13020,33052,msedgewebview2.exe,103.7,120.8
1112.4,34932,33052,msedgewebview2.exe,42,12.7
1112.4,25792,33052,msedgewebview2.exe,22.6,8.8
1112.4,4360,33052,msedgewebview2.exe,200.7,145.2
1117.7,26348,36732,audio-desktop.exe,50.5,14.3
1117.7,33052,26348,msedgewebview2.exe,148.1,50
1117.7,15880,26348,audio_server.exe,222.4,287
1117.7,34040,33052,msedgewebview2.exe,14.2,3
1117.7,18344,34040,msedgewebview2.exe,13.5,2.7
1117.7,13020,33052,msedgewebview2.exe,103.7,120.8
1117.7,34932,33052,msedgewebview2.exe,42,12.7
1117.7,25792,33052,msedgewebview2.exe,22.6,8.8
1117.7,4360,33052,msedgewebview2.exe,200.7,145.2
1123,26348,36732,audio-desktop.exe,50.5,14.3
1123,33052,26348,msedgewebview2.exe,148.1,50
1123,15880,26348,audio_server.exe,222.4,287
1123,34040,33052,msedgewebview2.exe,14.2,3
1123,18344,34040,msedgewebview2.exe,13.5,2.7
1123,13020,33052,msedgewebview2.exe,103.7,120.8
1123,34932,33052,msedgewebview2.exe,42,12.7
1123,25792,33052,msedgewebview2.exe,22.6,8.8
1123,4360,33052,msedgewebview2.exe,200.7,145.2
